,PLAYER_ID,PLAYER_NAME,TEAM_NAME,POSITION,HEIGHT,WEIGHT,COUNTRY,BIRTHDATE,SEASON_EXP,DRAFT_NUMBER,GP_x,PTS_x,REB_x,AST_x,STL_x,BLK_x,GP_y,PTS_y,REB_y,AST_y,STL_y,BLK_y,GAME_DATE,2021-22
0,1630173,Precious Achiuwa,Raptors,Forward,6-8,225,Nigeria,1999-09-19T00:00:00,1,20,134,7.2,5.1,0.8,0.4,0.5,134,7.2,5.1,0.8,0.4,0.5,APR 23 2022,"$2,711,280"
1,203500,Steven Adams,Grizzlies,Center,6-11,265,New Zealand,1993-07-20T00:00:00,8,12,664,9.3,8.0,1.5,0.9,0.9,664,9.3,8.0,1.5,0.9,0.9,APR 21 2022,"$17,073,171"
2,1628389,Bam Adebayo,Heat,Center-Forward,6-9,255,USA,1997-07-18T00:00:00,4,14,343,13.5,8.3,3.5,1.0,0.9,343,13.5,8.3,3.5,1.0,0.9,APR 22 2022,"$28,103,550"
3,1630583,Santi Aldama,Grizzlies,Forward-Center,6-11,215,Spain,2001-01-10T00:00:00,0,30,32,4.1,2.7,0.7,0.2,0.3,32,4.1,2.7,0.7,0.2,0.3,APR 21 2022,"$1,994,520"
4,200746,LaMarcus Aldridge,Nets,Center-Forward,6-11,250,USA,1985-07-19T00:00:00,15,2,1076,19.1,8.1,1.9,0.7,1.1,1076,19.1,8.1,1.9,0.7,1.1,APR 23 2022,"$2,641,691"
5,1629638,Nickeil Alexander-Walker,Jazz,Guard,6-5,205,Canada,1998-09-02T00:00:00,2,17,158,9.3,2.6,2.2,0.7,0.3,158,9.3,2.6,2.2,0.7,0.3,APR 21 2022,"$3,261,480"
6,1628960,Grayson Allen,Bucks,Guard,6-4,198,USA,1995-10-08T00:00:00,3,21,192,9.4,2.6,1.5,0.6,0.2,192,9.4,2.6,1.5,0.6,0.2,APR 22 2022,"$4,054,695"
7,1628386,Jarrett Allen,Cavaliers,Center,6-10,243,USA,1998-04-21T00:00:00,4,22,341,11.6,8.7,1.4,0.5,1.4,341,11.6,8.7,1.4,0.5,1.4,,"$20,000,000"
8,1630631,Jose Alvarado,Pelicans,Guard,6-0,179,USA,1998-04-12T00:00:00,0,Undrafted,54,6.1,1.9,2.8,1.3,0.1,54,6.1,1.9,2.8,1.3,0.1,APR 22 2022,"$1,500,000"
9,203937,Kyle Anderson,Grizzlies,Forward-Guard,6-9,230,USA,1993-09-20T00:00:00,7,30,505,6.7,4.4,2.3,1.0,0.6,505,6.7,4.4,2.3,1.0,0.6,APR 21 2022,"$9,937,150"
10,203507,Giannis Antetokounmpo,Bucks,Forward,6-11,242,Greece,1994-12-06T00:00:00,8,15,656,21.8,9.4,4.6,1.2,1.3,656,21.8,9.4,4.6,1.2,1.3,APR 22 2022,"$39,344,970"
11,203648,Thanasis Antetokounmpo,Bucks,Forward,6-6,219,Greece,1992-07-18T00:00:00,3,51,127,3.1,2.0,0.7,0.4,0.2,127,3.1,2.0,0.7,0.4,0.2,APR 22 2022,"$1,729,217"
12,2546,Carmelo Anthony,Lakers,Forward,6-7,238,USA,1984-05-29T00:00:00,18,3,1260,22.5,6.2,2.7,1.0,0.5,1260,22.5,6.2,2.7,1.0,0.5,,"$2,641,691"
13,1630175,Cole Anthony,Magic,Guard,6-3,185,USA,2000-05-15T00:00:00,1,15,112,14.9,5.1,5.0,0.7,0.3,112,14.9,5.1,5.0,0.7,0.3,,"$3,449,400"
14,1628384,OG Anunoby,Raptors,Forward,6-7,232,United Kingdom,1997-07-17T00:00:00,4,23,301,10.4,4.1,1.4,1.1,0.5,301,10.4,4.1,1.4,1.1,0.5,APR 23 2022,"$16,071,429"
15,1627853,Ryan Arcidiacono,Bulls,Guard,6-3,195,USA,1994-03-26T00:00:00,4,Undrafted,217,4.6,2.0,2.1,0.5,0.0,217,4.6,2.0,2.1,0.5,0.0,,"$586,136"
16,201571,D.J. Augustin,Lakers,Guard,5-11,183,USA,1987-11-10T00:00:00,13,9,976,9.5,1.8,3.9,0.6,0.0,976,9.5,1.8,3.9,0.6,0.0,,"$7,622,467"
17,1630166,Deni Avdija,Wizards,Forward,6-9,210,Israel,2001-01-03T00:00:00,1,9,136,7.6,5.1,1.7,0.7,0.4,136,7.6,5.1,1.7,0.7,0.4,,"$4,692,840"
18,1629028,Deandre Ayton,Suns,Center,6-11,250,Bahamas,1998-07-23T00:00:00,3,1,236,16.3,10.5,1.6,0.7,1.0,236,16.3,10.5,1.6,0.7,1.0,APR 22 2022,"$12,632,950"
19,1628962,Udoka Azubuike,Jazz,Center-Forward,7-0,270,Nigeria,1999-09-17T00:00:00,1,27,32,3.0,2.6,0.0,0.1,0.5,32,3.0,2.6,0.0,0.1,0.5,APR 21 2022,"$2,075,880"
20,1628963,Marvin Bagley III,Pistons,Forward,6-11,235,USA,1999-03-14T00:00:00,3,2,166,13.6,7.4,0.9,0.5,0.7,166,13.6,7.4,0.9,0.5,0.7,,"$11,312,114"
21,1630163,LaMelo Ball,Hornets,Guard,6-7,180,USA,2001-08-22T00:00:00,1,3,126,18.3,6.4,7.0,1.6,0.4,126,18.3,6.4,7.0,1.6,0.4,,"$8,231,760"
22,1628366,Lonzo Ball,Bulls,Guard,6-6,190,USA,1997-10-27T00:00:00,4,2,252,11.9,5.7,6.2,1.6,0.6,252,11.9,5.7,6.2,1.6,0.6,APR 22 2022,"$18,604,651"
23,1628964,Mo Bamba,Magic,Center,7-0,231,USA,1998-05-12T00:00:00,3,6,226,7.7,6.1,0.9,0.4,1.4,226,7.7,6.1,0.9,0.4,1.4,,"$7,568,742"
24,1630217,Desmond Bane,Grizzlies,Guard,6-5,215,USA,1998-06-25T00:00:00,1,30,144,14.0,3.8,2.3,0.9,0.3,144,14.0,3.8,2.3,0.9,0.3,APR 21 2022,"$2,033,160"
25,1630625,Dalano Banton,Raptors,Forward,6-7,204,Canada,1999-11-07T00:00:00,0,46,64,3.2,1.9,1.5,0.4,0.2,64,3.2,1.9,1.5,0.4,0.2,APR 23 2022,"$925,258"
26,203084,Harrison Barnes,Kings,Forward,6-8,225,USA,1992-05-30T00:00:00,9,7,747,14.1,5.1,1.8,0.7,0.2,747,14.1,5.1,1.8,0.7,0.2,,"$20,284,091"
27,1630567,Scottie Barnes,Raptors,Forward,6-7,225,USA,2001-08-01T00:00:00,0,4,74,15.3,7.5,3.5,1.1,0.7,74,15.3,7.5,3.5,1.1,0.7,APR 23 2022,"$7,280,520"
28,1629628,RJ Barrett,Knicks,Forward-Guard,6-6,214,Canada,2000-06-14T00:00:00,2,3,198,17.5,5.6,2.9,0.8,0.3,198,17.5,5.6,2.9,0.8,0.3,,"$8,623,920"
29,203115,Will Barton,Nuggets,Guard,6-5,181,USA,1991-01-06T00:00:00,9,40,623,11.6,4.3,2.7,0.8,0.4,623,11.6,4.3,2.7,0.8,0.4,APR 21 2022,"$15,384,615"
30,1629646,Charles Bassey,76ers,Center-Forward,6-9,230,Nigeria,2000-10-28T00:00:00,0,53,23,3.0,2.7,0.3,0.2,0.7,23,3.0,2.7,0.3,0.2,0.7,APR 23 2022,"$925,258"
31,1628966,Keita Bates-Diop,Spurs,Forward,6-8,229,USA,1996-01-23T00:00:00,3,48,163,5.2,3.0,0.6,0.5,0.3,163,5.2,3.0,0.6,0.5,0.3,,"$1,729,217"
32,201587,Nicolas Batum,Clippers,Guard-Forward,6-8,230,France,1988-12-14T00:00:00,13,25,915,11.1,5.1,3.5,1.0,0.6,915,11.1,5.1,3.5,1.0,0.6,,"$12,213,507"
33,203145,Kent Bazemore,Lakers,Guard-Forward,6-4,195,USA,1989-07-01T00:00:00,9,Undrafted,657,8.2,3.2,1.8,1.0,0.5,657,8.2,3.2,1.8,1.0,0.5,,"$2,401,537"
34,1629647,Darius Bazley,Thunder,Forward,6-8,208,USA,2000-06-12T00:00:00,2,23,185,10.0,5.8,1.3,0.6,0.7,185,10.0,5.8,1.3,0.6,0.7,,"$2,513,040"
35,203078,Bradley Beal,Wizards,Guard,6-4,207,USA,1993-06-28T00:00:00,9,3,645,22.1,4.1,4.2,1.1,0.4,645,22.1,4.1,4.2,1.1,0.4,,"$34,502,130"
36,1627736,Malik Beasley,Timberwolves,Guard,6-4,187,USA,1996-11-26T00:00:00,5,19,336,10.4,2.5,1.2,0.6,0.1,336,10.4,2.5,1.2,0.6,0.1,APR 21 2022,"$14,391,964"
37,202722,Davis Bertans,Mavericks,Forward,6-10,225,Latvia,1992-11-12T00:00:00,5,42,387,8.2,2.7,1.0,0.4,0.4,387,8.2,2.7,1.0,0.4,0.4,APR 21 2022,"$16,000,000"
38,201976,Patrick Beverley,Timberwolves,Guard,6-1,180,USA,1988-07-12T00:00:00,9,42,526,8.8,4.3,3.5,1.1,0.5,526,8.8,4.3,3.5,1.1,0.5,APR 21 2022,"$14,320,988"
39,1630180,Saddiq Bey,Pistons,Forward,6-7,215,USA,1999-04-09T00:00:00,1,19,152,14.3,5.0,2.2,0.8,0.2,152,14.3,5.0,2.2,0.8,0.2,,"$2,824,320"
40,203920,Khem Birch,Raptors,Center,6-9,233,Canada,1992-09-28T00:00:00,4,Undrafted,262,5.2,4.6,1.0,0.5,0.6,262,5.2,4.6,1.0,0.5,0.6,APR 23 2022,"$6,350,000"
41,1629048,Goga Bitadze,Pacers,Center-Forward,7-0,250,Georgia,1999-07-20T00:00:00,2,18,149,5.0,2.9,0.8,0.3,0.9,149,5.0,2.9,0.8,0.3,0.9,,"$3,098,400"
42,202687,Bismack Biyombo,Suns,Center,6-8,255,DRC,1992-08-28T00:00:00,10,7,738,5.2,6.1,0.6,0.3,1.3,738,5.2,6.1,0.6,0.3,1.3,APR 22 2022,"$1,366,392"
43,202357,Nemanja Bjelica,Warriors,Forward,6-9,234,Serbia,1988-05-09T00:00:00,6,35,449,7.6,4.6,1.8,0.6,0.4,449,7.6,4.6,1.8,0.6,0.4,APR 21 2022,"$2,089,448"
44,202339,Eric Bledsoe,Trail Blazers,Guard,6-1,214,USA,1989-12-09T00:00:00,11,18,756,13.7,3.9,4.7,1.4,0.5,756,13.7,3.9,4.7,1.4,0.5,,"$18,125,000"
45,1629833,Keljin Blevins,Trail Blazers,Guard,6-4,200,USA,1995-11-24T00:00:00,1,,48,2.2,1.1,0.5,0.3,0.0,48,2.2,1.1,0.5,0.3,0.0,,
46,203992,Bogdan Bogdanovic,Hawks,Guard,6-6,225,Serbia,1992-08-18T00:00:00,4,27,316,14.2,3.4,3.4,1.0,0.2,316,14.2,3.4,3.4,1.0,0.2,APR 22 2022,"$18,000,000"
47,202711,Bojan Bogdanovic,Jazz,Forward,6-7,226,Croatia,1989-04-18T00:00:00,7,31,603,15.0,3.6,1.6,0.6,0.1,603,15.0,3.6,1.6,0.6,0.1,APR 21 2022,"$18,700,000"
48,1629626,Bol Bol,Magic,Center-Forward,7-2,220,Sudan,1999-11-16T00:00:00,2,44,53,2.7,1.2,0.3,0.1,0.3,53,2.7,1.2,0.3,0.1,0.3,,"$2,161,152"
49,1630195,Leandro Bolmaro,Timberwolves,Forward,6-6,200,Argentina,2000-09-11T00:00:00,0,23,35,1.4,1.2,0.6,0.2,0.0,35,1.4,1.2,0.6,0.2,0.0,APR 21 2022,"$2,353,320"
50,1629067,Isaac Bonga,Raptors,Guard,6-8,180,Germany,1999-11-08T00:00:00,3,39,143,3.1,2.2,0.8,0.5,0.3,143,3.1,2.2,0.8,0.5,0.3,APR 23 2022,"$1,729,217"
51,1626164,Devin Booker,Suns,Guard,6-5,206,USA,1996-10-30T00:00:00,6,13,477,23.5,3.9,4.7,0.8,0.3,477,23.5,3.9,4.7,0.8,0.3,APR 22 2022,"$31,610,000"
52,1630527,Brandon Boston Jr.,Clippers,Guard,6-6,188,USA,2001-11-28T00:00:00,0,51,51,6.7,2.2,1.0,0.5,0.3,51,6.7,2.2,1.0,0.5,0.3,,"$925,258"
53,1628449,Chris Boucher,Raptors,Forward-Center,6-9,200,Saint Lucia,1993-01-11T00:00:00,4,Undrafted,231,9.0,5.3,0.5,0.5,1.2,231,9.0,5.3,0.5,0.5,1.2,APR 23 2022,"$7,009,615"
54,1630547,James Bouknight,Hornets,Guard,6-4,190,USA,2000-09-18T00:00:00,0,11,31,4.6,1.7,0.8,0.2,0.0,31,4.6,1.7,0.8,0.2,0.0,,"$4,154,400"
55,202340,Avery Bradley,Lakers,Guard,6-3,180,USA,1990-11-26T00:00:00,11,19,660,11.0,2.8,1.7,1.0,0.2,660,11.0,2.8,1.7,1.0,0.2,,"$2,641,691"
56,1628396,Tony Bradley,Bulls,Center-Forward,6-10,248,USA,1998-01-08T00:00:00,4,28,167,4.6,4.3,0.5,0.2,0.6,167,4.6,4.3,0.5,0.2,0.6,APR 22 2022,"$1,789,256"
57,1629649,Ignas Brazdeikis,Magic,Forward,6-6,221,Canada,1999-01-08T00:00:00,2,47,64,5.0,1.9,0.9,0.2,0.1,64,5.0,1.9,0.9,0.2,0.1,,
58,1628969,Mikal Bridges,Suns,Forward,6-6,209,USA,1996-08-30T00:00:00,3,10,309,11.3,3.9,2.1,1.3,0.6,309,11.3,3.9,2.1,1.3,0.6,APR 22 2022,"$5,557,725"
59,1628970,Miles Bridges,Hornets,Forward,6-7,225,USA,1998-03-21T00:00:00,3,12,291,13.4,5.6,2.3,0.7,0.7,291,13.4,5.6,2.3,0.7,0.7,,"$5,421,493"
60,1629052,Oshae Brissett,Pacers,Forward-Guard,6-7,210,Canada,1998-06-20T00:00:00,2,Undrafted,107,8.2,4.7,0.9,0.6,0.5,107,8.2,4.7,0.9,0.6,0.5,,"$1,701,593"
61,1627763,Malcolm Brogdon,Pacers,Guard,6-5,229,USA,1992-12-11T00:00:00,5,36,333,15.5,4.2,4.8,0.9,0.2,333,15.5,4.2,4.8,0.9,0.2,,"$21,700,000"
62,1629717,Armoni Brooks,Raptors,Guard,6-3,195,USA,1998-06-05T00:00:00,1,,74,6.9,2.3,1.2,0.5,0.2,74,6.9,2.3,1.2,0.5,0.2,APR 23 2022,"$1,625,991"
63,1628415,Dillon Brooks,Grizzlies,Guard-Forward,6-7,225,Canada,1996-01-22T00:00:00,4,45,272,14.5,3.0,2.0,1.0,0.3,272,14.5,3.0,2.0,1.0,0.3,APR 21 2022,"$12,200,000"
64,1628971,Bruce Brown,Nets,Guard-Forward,6-4,202,USA,1996-08-15T00:00:00,3,42,269,7.6,4.3,2.1,0.9,0.5,269,7.6,4.3,2.1,0.9,0.5,APR 23 2022,"$4,736,102"
65,1627759,Jaylen Brown,Celtics,Guard-Forward,6-6,223,USA,1996-10-24T00:00:00,5,3,403,16.5,4.9,2.0,0.9,0.4,403,16.5,4.9,2.0,0.9,0.4,APR 23 2022,"$24,830,357"
66,1629650,Moses Brown,Cavaliers,Center,7-2,245,USA,1999-10-13T00:00:00,2,Undrafted,92,6.0,5.8,0.1,0.4,0.7,92,6.0,5.8,0.1,0.4,0.7,,"$1,720,779"
67,1628425,Sterling Brown,Mavericks,Guard-Forward,6-5,219,USA,1995-02-10T00:00:00,4,46,264,5.4,3.3,1.0,0.5,0.2,264,5.4,3.3,1.0,0.5,0.2,APR 21 2022,"$3,000,000"
68,1630535,Greg Brown III,Trail Blazers,Forward,6-7,206,USA,2001-09-01T00:00:00,0,43,48,4.7,2.8,0.7,0.5,0.5,48,4.7,2.8,0.7,0.5,0.5,,"$925,258"
69,1629718,Charlie Brown Jr.,76ers,Guard,6-6,199,USA,1997-02-02T00:00:00,2,Undrafted,41,2.2,1.3,0.4,0.4,0.2,41,2.2,1.3,0.4,0.4,0.2,APR 23 2022,
70,1630602,Chaundee Brown Jr.,Hawks,Forward,6-5,215,USA,1998-12-04T00:00:00,0,Undrafted,5,6.2,3.2,0.8,0.4,0.0,5,6.2,3.2,0.8,0.4,0.0,APR 22 2022,
71,1628972,Troy Brown Jr.,Bulls,Guard-Forward,6-6,215,USA,1999-07-28T00:00:00,3,15,221,6.4,3.8,1.6,0.7,0.1,221,6.4,3.8,1.6,0.7,0.1,APR 22 2022,"$5,170,564"
72,1628973,Jalen Brunson,Mavericks,Guard,6-1,190,USA,1996-08-31T00:00:00,3,33,277,11.9,3.0,3.7,0.6,0.0,277,11.9,3.0,3.7,0.6,0.0,APR 21 2022,"$1,802,057"
73,1628418,Thomas Bryant,Wizards,Center-Forward,6-10,248,USA,1997-07-31T00:00:00,4,42,170,10.2,5.7,1.3,0.4,0.9,170,10.2,5.7,1.3,0.4,0.9,,"$8,730,159"
74,203493,Reggie Bullock,Mavericks,Guard-Forward,6-6,205,USA,1991-03-16T00:00:00,8,25,434,7.8,2.5,1.2,0.6,0.1,434,7.8,2.5,1.2,0.6,0.1,APR 21 2022,"$9,536,000"
75,203504,Trey Burke,Mavericks,Guard,6-0,185,USA,1992-11-12T00:00:00,8,9,498,9.6,1.8,3.1,0.6,0.1,498,9.6,1.8,3.1,0.6,0.1,APR 21 2022,"$3,333,333"
76,202692,Alec Burks,Knicks,Guard,6-6,214,USA,1991-07-20T00:00:00,10,12,625,10.6,3.5,2.0,0.7,0.2,625,10.6,3.5,2.0,0.7,0.2,,"$9,536,000"
77,1630215,Jared Butler,Jazz,Guard,6-3,193,USA,2000-08-25T00:00:00,0,40,42,3.8,1.1,1.5,0.4,0.2,42,3.8,1.1,1.5,0.4,0.2,APR 21 2022,"$925,258"
78,202710,Jimmy Butler,Heat,Forward,6-7,230,USA,1989-09-14T00:00:00,10,30,690,17.7,5.3,4.1,1.6,0.5,690,17.7,5.3,4.1,1.6,0.5,APR 22 2022,"$36,016,200"
79,1629719,Devontae Cacok,Spurs,Forward,6-7,240,USA,1996-10-08T00:00:00,2,Undrafted,36,2.5,2.2,0.2,0.4,0.3,36,2.5,2.2,0.2,0.4,0.3,,"$364,533"
80,203484,Kentavious Caldwell-Pope,Wizards,Guard,6-5,204,USA,1993-02-18T00:00:00,8,8,683,11.6,3.1,1.7,1.1,0.2,683,11.6,3.1,1.7,1.1,0.2,,"$13,038,862"
81,1630267,Facundo Campazzo,Nuggets,Guard,5-10,195,Argentina,1991-03-23T00:00:00,1,Undrafted,130,5.6,1.9,3.5,1.1,0.3,130,5.6,1.9,3.5,1.1,0.3,APR 21 2022,"$3,804,150"
82,1628427,Vlatko Cancar,Nuggets,Forward,6-8,236,Slovenia,1997-04-10T00:00:00,2,49,70,2.3,1.3,0.5,0.2,0.1,70,2.3,1.3,0.5,0.2,0.1,APR 21 2022,"$1,782,621"
83,1629962,Devin Cannady,Magic,Guard,6-2,183,USA,1996-05-21T00:00:00,1,,13,6.5,0.8,0.8,0.8,0.3,13,6.5,0.8,0.8,0.8,0.3,,"$100,000"
84,203991,Clint Capela,Hawks,Center,6-10,256,Switzerland,1994-05-18T00:00:00,7,25,471,12.4,10.7,1.0,0.7,1.5,471,12.4,10.7,1.0,0.7,1.5,APR 22 2022,"$17,103,448"
85,1630176,Vernon Carey Jr.,Wizards,Forward-Center,6-9,270,USA,2001-02-25T00:00:00,1,32,26,2.5,1.5,0.1,0.1,0.2,26,2.5,1.5,0.1,0.1,0.2,,"$1,517,981"
86,1628975,Jevon Carter,Bucks,Guard,6-1,200,USA,1995-09-14T00:00:00,3,32,223,4.4,1.7,1.4,0.6,0.2,223,4.4,1.7,1.4,0.6,0.2,APR 22 2022,"$4,107,149"
87,1628976,Wendell Carter Jr.,Magic,Center-Forward,6-10,270,USA,1999-04-16T00:00:00,3,7,203,12.2,8.9,2.0,0.6,0.9,203,12.2,8.9,2.0,0.6,0.9,,"$6,920,027"
88,1627936,Alex Caruso,Bulls,Guard,6-5,186,USA,1994-02-28T00:00:00,4,Undrafted,225,6.2,2.5,2.7,1.1,0.3,225,6.2,2.5,2.7,1.1,0.3,APR 22 2022,"$8,604,651"
89,1630551,Justin Champagnie,Raptors,Guard-Forward,6-6,206,USA,2001-06-29T00:00:00,0,Undrafted,36,2.3,2.0,0.3,0.2,0.1,36,2.3,2.0,0.3,0.2,0.1,APR 23 2022,
90,1629185,Chris Chiozza,Warriors,Guard,5-11,175,USA,1995-11-21T00:00:00,3,Undrafted,91,3.3,1.3,2.4,0.5,0.1,91,3.3,1.3,2.4,0.5,0.1,APR 21 2022,
91,1627737,Marquese Chriss,Mavericks,Forward,6-9,240,USA,1997-07-02T00:00:00,5,8,292,7.6,4.7,1.0,0.6,0.8,292,7.6,4.7,1.0,0.6,0.8,APR 21 2022,"$958,529"
92,1630528,Josh Christopher,Rockets,Guard,6-3,215,USA,2001-12-08T00:00:00,0,24,74,7.9,2.5,2.0,0.9,0.2,74,7.9,2.5,2.0,0.9,0.2,,"$2,259,240"
93,1629109,Gary Clark,Pelicans,Forward,6-6,225,USA,1994-11-16T00:00:00,3,Undrafted,170,3.1,2.5,0.5,0.3,0.4,170,3.1,2.5,0.5,0.3,0.4,APR 22 2022,"$377,645"
94,1629634,Brandon Clarke,Grizzlies,Forward,6-8,215,Canada,1996-09-19T00:00:00,2,21,181,10.9,5.6,1.4,0.7,0.9,181,10.9,5.6,1.4,0.7,0.9,APR 21 2022,"$2,726,880"
95,203903,Jordan Clarkson,Jazz,Guard,6-4,194,USA,1992-06-07T00:00:00,7,46,600,15.4,3.3,2.5,0.9,0.1,600,15.4,3.3,2.5,0.9,0.1,APR 21 2022,"$12,420,000"
96,1629651,Nic Claxton,Nets,Forward-Center,6-11,215,USA,1999-04-17T00:00:00,2,31,94,7.3,5.0,0.9,0.5,1.1,94,7.3,5.0,0.9,0.5,1.1,APR 23 2022,"$1,782,621"
97,1629599,Amir Coffey,Clippers,Guard-Forward,6-7,210,USA,1997-06-17T00:00:00,2,Undrafted,131,6.2,2.0,1.2,0.4,0.1,131,6.2,2.0,1.2,0.4,0.1,,"$153,488"
98,1628381,John Collins,Hawks,Forward-Center,6-9,226,USA,1997-09-23T00:00:00,4,19,293,16.5,8.3,1.6,0.6,1.0,293,16.5,8.3,1.6,0.6,1.0,APR 22 2022,"$23,000,000"
99,1628380,Zach Collins,Spurs,Forward-Center,6-11,250,USA,1997-11-19T00:00:00,3,10,182,6.0,4.2,1.1,0.3,0.7,182,6.0,4.2,1.1,0.3,0.7,,"$6,984,127"
100,201144,Mike Conley,Jazz,Guard,6-1,175,USA,1987-10-11T00:00:00,14,4,958,14.8,3.0,5.6,1.4,0.2,958,14.8,3.0,5.6,1.4,0.2,APR 21 2022,"$21,000,000"
101,1626192,Pat Connaughton,Bucks,Guard,6-5,209,USA,1993-01-06T00:00:00,6,41,417,5.9,3.3,1.2,0.5,0.3,417,5.9,3.3,1.2,0.5,0.3,APR 22 2022,"$5,333,333"
102,1629076,Tyler Cook,Bulls,Forward,6-8,255,USA,1997-09-23T00:00:00,2,Undrafted,65,3.8,2.5,0.3,0.2,0.1,65,3.8,2.5,0.3,0.2,0.1,APR 22 2022,
103,1630536,Sharife Cooper,Hawks,Guard,6-1,176,USA,2001-06-11T00:00:00,0,48,13,0.5,0.4,0.4,0.0,0.0,13,0.5,0.4,0.4,0.0,0.0,APR 22 2022,
104,202326,DeMarcus Cousins,Nuggets,Center,6-10,270,USA,1990-08-13T00:00:00,10,5,654,19.6,10.2,3.0,1.3,1.1,654,19.6,10.2,3.0,1.3,1.1,APR 21 2022,"$1,290,481"
105,203496,Robert Covington,Clippers,Forward,6-7,209,USA,1990-12-14T00:00:00,8,Undrafted,537,11.6,5.8,1.5,1.6,1.0,537,11.6,5.8,1.5,1.6,1.0,,"$12,975,471"
106,1628470,Torrey Craig,Suns,Forward,6-7,221,USA,1990-12-19T00:00:00,4,Undrafted,300,5.7,3.6,0.9,0.5,0.5,300,5.7,3.6,0.9,0.5,0.5,APR 22 2022,"$4,878,049"
107,203109,Jae Crowder,Suns,Forward,6-6,235,USA,1990-07-06T00:00:00,9,34,735,9.6,4.3,1.6,1.0,0.3,735,9.6,4.3,1.6,1.0,0.3,APR 22 2022,"$9,720,900"
108,1629633,Jarrett Culver,Grizzlies,Guard-Forward,6-6,195,USA,1999-02-20T00:00:00,2,6,134,6.6,2.7,1.2,0.7,0.4,134,6.6,2.7,1.2,0.7,0.4,APR 21 2022,"$6,395,160"
109,1630595,Cade Cunningham,Pistons,Guard,6-6,220,USA,2001-09-25T00:00:00,0,1,64,17.4,5.5,5.6,1.2,0.7,64,17.4,5.5,5.6,1.2,0.7,,"$10,050,120"
110,203552,Seth Curry,Nets,Guard,6-2,185,USA,1990-08-23T00:00:00,7,Undrafted,377,11.3,2.2,2.2,0.7,0.1,377,11.3,2.2,2.2,0.7,0.1,APR 23 2022,"$8,186,047"
111,201939,Stephen Curry,Warriors,Guard,6-2,185,USA,1988-03-14T00:00:00,12,7,826,24.3,4.6,6.5,1.7,0.2,826,24.3,4.6,6.5,1.7,0.2,APR 21 2022,"$45,780,966"
112,203076,Anthony Davis,Lakers,Forward-Center,6-10,253,USA,1993-03-11T00:00:00,9,1,604,23.8,10.2,2.3,1.4,2.3,604,23.8,10.2,2.3,1.4,2.3,,"$35,361,360"
113,202334,Ed Davis,Cavaliers,Center-Forward,6-9,218,USA,1989-06-05T00:00:00,11,13,722,5.9,6.4,0.7,0.5,0.8,722,5.9,6.4,0.7,0.5,0.8,,"$2,641,691"
114,1629056,Terence Davis,Kings,Guard,6-4,201,USA,1997-05-16T00:00:00,2,Undrafted,163,8.5,3.0,1.5,0.7,0.2,163,8.5,3.0,1.5,0.7,0.2,,"$4,000,000"
115,201942,DeMar DeRozan,Bulls,Guard-Forward,6-6,220,USA,1989-08-07T00:00:00,12,9,957,20.8,4.4,3.9,1.0,0.3,957,20.8,4.4,3.9,1.0,0.3,APR 22 2022,"$26,000,000"
116,203473,Dewayne Dedmon,Heat,Center,7-0,245,USA,1989-08-12T00:00:00,8,Undrafted,477,6.4,5.9,0.7,0.5,0.8,477,6.4,5.9,0.7,0.5,0.8,APR 22 2022,"$5,256,308"
117,1628978,Donte DiVincenzo,Kings,Guard,6-4,203,USA,1997-01-31T00:00:00,3,17,201,9.0,4.6,2.5,1.1,0.2,201,9.0,4.6,2.5,1.1,0.2,,"$4,675,830"
118,1628977,Hamidou Diallo,Pistons,Guard,6-5,202,USA,1998-07-31T00:00:00,3,45,207,8.4,3.9,1.1,0.8,0.3,207,8.4,3.9,1.1,0.8,0.3,,"$5,200,000"
119,203476,Gorgui Dieng,Hawks,Center,6-10,248,Senegal,1990-01-18T00:00:00,8,21,597,7.5,5.7,1.3,0.8,0.9,597,7.5,5.7,1.3,0.8,0.9,APR 22 2022,"$4,000,000"
120,203915,Spencer Dinwiddie,Mavericks,Guard,6-6,215,USA,1993-04-06T00:00:00,7,38,387,13.0,3.0,5.0,0.7,0.3,387,13.0,3.0,5.0,0.7,0.3,APR 21 2022,"$17,142,857"
121,1629029,Luka Doncic,Mavericks,Forward-Guard,6-7,230,Slovenia,1999-02-28T00:00:00,3,3,264,26.4,8.5,8.0,1.1,0.4,264,26.4,8.5,8.0,1.1,0.4,APR 21 2022,"$10,174,391"
122,1629652,Luguentz Dort,Thunder,Guard,6-3,215,Canada,1999-04-19T00:00:00,2,Undrafted,139,13.3,3.5,1.5,0.9,0.3,139,13.3,3.5,1.5,0.9,0.3,,"$1,782,621"
123,1630245,Ayo Dosunmu,Bulls,Guard,6-4,200,USA,2000-01-17T00:00:00,0,38,77,8.8,2.8,3.3,0.8,0.4,77,8.8,2.8,3.3,0.8,0.4,APR 22 2022,"$925,258"
124,201609,Goran Dragic,Nets,Guard,6-3,190,Slovenia,1986-05-06T00:00:00,13,45,888,13.7,3.1,4.8,1.0,0.2,888,13.7,3.1,4.8,1.0,0.2,APR 23 2022,"$20,168,742"
125,203083,Andre Drummond,Nets,Center,6-10,279,USA,1993-08-10T00:00:00,9,9,718,13.8,13.3,1.4,1.4,1.5,718,13.8,13.3,1.4,1.4,1.5,APR 23 2022,"$2,401,537"
126,1630537,Chris Duarte,Pacers,Guard,6-5,190,Dominican Republic,1997-06-13T00:00:00,0,13,55,13.1,4.1,2.1,1.0,0.2,55,13.1,4.1,2.1,1.0,0.2,,"$3,749,520"
127,1630561,David Duke Jr.,Nets,Guard,6-4,204,USA,1999-10-13T00:00:00,0,Undrafted,22,4.7,3.0,0.8,0.6,0.3,22,4.7,3.0,0.8,0.6,0.3,APR 23 2022,
128,201142,Kevin Durant,Nets,Forward,6-10,240,USA,1988-09-29T00:00:00,13,2,939,27.2,7.1,4.3,1.1,1.1,939,27.2,7.1,4.3,1.1,1.1,APR 23 2022,"$40,918,900"
129,1630162,Anthony Edwards,Timberwolves,Guard,6-4,225,USA,2001-08-05T00:00:00,1,1,144,20.3,4.7,3.4,1.3,0.6,144,20.3,4.7,3.4,1.3,0.6,APR 21 2022,"$10,245,480"
130,1629035,Carsen Edwards,Celtics,Guard,5-11,200,USA,1998-03-12T00:00:00,2,33,72,3.7,1.1,0.7,0.3,0.1,72,3.7,1.1,0.7,0.3,0.1,,"$76,744"
131,1630556,Kessler Edwards,Nets,Forward,6-7,203,USA,2000-08-09T00:00:00,0,44,48,5.9,3.6,0.6,0.6,0.5,48,5.9,3.6,0.6,0.6,0.5,APR 23 2022,"$5,318"
132,1629604,CJ Elleby,Trail Blazers,Forward-Guard,6-6,200,USA,2000-06-16T00:00:00,1,46,88,4.6,2.9,1.1,0.5,0.3,88,4.6,2.9,1.1,0.5,0.3,,"$1,517,981"
133,201961,Wayne Ellington,Lakers,Guard,6-4,207,USA,1987-11-29T00:00:00,12,28,770,8.0,2.1,1.1,0.5,0.1,770,8.0,2.1,1.1,0.5,0.1,,"$2,641,691"
134,203954,Joel Embiid,76ers,Center-Forward,7-0,280,Cameroon,1994-03-16T00:00:00,5,3,328,26.0,11.4,3.3,0.9,1.7,328,26.0,11.4,3.3,0.9,1.7,APR 23 2022,"$31,579,390"
135,202324,Derrick Favors,Thunder,Forward,6-9,265,USA,1991-07-15T00:00:00,11,3,790,10.6,7.1,1.1,0.7,1.2,790,10.6,7.1,1.1,0.7,1.2,,"$9,720,900"
136,1628981,Bruno Fernando,Rockets,Forward-Center,6-9,240,Angola,1998-08-15T00:00:00,2,34,119,3.2,2.8,0.6,0.2,0.3,119,3.2,2.8,0.6,0.2,0.3,,"$1,782,621"
137,1627827,Dorian Finney-Smith,Mavericks,Forward,6-7,220,USA,1993-05-04T00:00:00,5,Undrafted,394,8.2,4.5,1.4,0.8,0.4,394,8.2,4.5,1.4,0.8,0.4,APR 21 2022,"$4,000,000"
138,1630238,Malik Fitts,Celtics,Forward,6-5,230,USA,1997-07-04T00:00:00,1,Undrafted,18,1.3,1.1,0.3,0.0,0.0,18,1.3,1.1,0.3,0.0,0.0,APR 23 2022,"$231,062"
139,1630201,Malachi Flynn,Raptors,Guard,6-1,175,USA,1998-05-09T00:00:00,1,29,91,6.0,2.0,2.3,0.6,0.1,91,6.0,2.0,2.3,0.6,0.1,APR 23 2022,"$2,048,040"
140,1627854,Bryn Forbes,Nuggets,Guard,6-2,205,USA,1993-07-23T00:00:00,5,Undrafted,406,9.1,1.7,1.2,0.4,0.0,406,9.1,1.7,1.2,0.4,0.0,APR 21 2022,
141,1630235,Trent Forrest,Jazz,Guard,6-4,210,USA,1998-06-12T00:00:00,1,Undrafted,90,3.1,1.6,1.7,0.4,0.1,90,3.1,1.6,1.7,0.4,0.1,APR 21 2022,"$8,558"
142,203095,Evan Fournier,Knicks,Guard-Forward,6-6,205,France,1992-10-29T00:00:00,9,20,645,14.3,2.7,2.6,0.9,0.2,645,14.3,2.7,2.6,0.9,0.2,,"$18,139,535"
143,1628368,De'Aaron Fox,Kings,Guard,6-3,185,USA,1997-12-20T00:00:00,4,5,322,19.1,3.5,6.2,1.3,0.4,322,19.1,3.5,6.2,1.3,0.4,,"$28,103,550"
144,1628982,Melvin Frazier Jr.,Magic,Guard-Forward,6-5,215,USA,1996-08-30T00:00:00,2,35,32,2.7,0.9,0.2,0.3,0.1,32,2.7,0.9,0.2,0.3,0.1,,
145,1628365,Markelle Fultz,Magic,Guard,6-4,209,USA,1998-05-29T00:00:00,4,1,131,10.9,3.2,4.8,1.1,0.2,131,10.9,3.2,4.8,1.1,0.2,,"$16,500,000"
146,1629117,Wenyen Gabriel,Lakers,Forward,6-9,205,South Sudan,1997-03-26T00:00:00,2,Undrafted,77,3.6,2.6,0.4,0.3,0.3,77,3.6,2.6,0.4,0.3,0.3,,"$29,814"
147,1629655,Daniel Gafford,Wizards,Forward-Center,6-9,234,USA,1998-10-01T00:00:00,2,38,169,7.6,4.4,0.7,0.4,1.4,169,7.6,4.4,0.7,0.4,1.4,,"$1,782,621"
148,201568,Danilo Gallinari,Hawks,Forward,6-10,236,Italy,1988-08-08T00:00:00,12,6,728,15.6,4.8,1.9,0.7,0.4,728,15.6,4.8,1.9,0.7,0.4,APR 22 2022,"$20,475,000"
149,1629636,Darius Garland,Cavaliers,Guard,6-1,192,USA,2000-01-26T00:00:00,2,5,181,17.4,2.6,6.3,1.1,0.1,181,17.4,2.6,6.3,1.1,0.1,,"$7,040,880"
150,1630586,Usman Garuba,Rockets,Forward,6-8,229,Spain,2002-03-09T00:00:00,0,23,24,2.0,3.5,0.7,0.4,0.5,24,2.0,3.5,0.7,0.4,0.5,,"$2,353,320"
151,1630568,Luka Garza,Pistons,Center,6-10,243,USA,1998-12-27T00:00:00,0,52,32,5.8,3.1,0.6,0.3,0.2,32,5.8,3.1,0.6,0.3,0.2,,"$925,258"
152,200752,Rudy Gay,Jazz,Forward-Guard,6-8,250,USA,1986-08-17T00:00:00,15,8,1064,16.3,5.8,2.1,1.1,0.7,1064,16.3,5.8,2.1,1.1,0.7,APR 21 2022,"$5,890,000"
153,202331,Paul George,Clippers,Forward,6-8,220,USA,1990-05-02T00:00:00,11,10,737,20.4,6.4,3.6,1.7,0.4,737,20.4,6.4,3.6,1.7,0.4,,"$39,344,970"
154,201959,Taj Gibson,Knicks,Forward,6-9,232,USA,1985-06-24T00:00:00,12,26,896,9.0,6.1,1.0,0.6,1.0,896,9.0,6.1,1.0,0.6,1.0,,"$4,910,000"
155,1630581,Josh Giddey,Thunder,Guard,6-8,205,Australia,2002-10-10T00:00:00,0,6,54,12.5,7.8,6.4,0.9,0.4,54,12.5,7.8,6.4,0.9,0.4,,"$5,988,000"
156,1628983,Shai Gilgeous-Alexander,Thunder,Guard,6-6,180,Canada,1998-07-12T00:00:00,3,11,243,18.2,4.5,4.3,1.1,0.7,243,18.2,4.5,4.3,1.1,0.7,,"$5,495,532"
157,1630264,Anthony Gill,Wizards,Forward,6-7,230,USA,1992-10-17T00:00:00,1,Undrafted,70,3.7,1.9,0.5,0.2,0.2,70,3.7,1.9,0.5,0.2,0.2,,"$1,517,981"
158,203497,Rudy Gobert,Jazz,Center,7-1,258,France,1992-06-26T00:00:00,8,27,611,12.4,11.7,1.3,0.7,2.2,611,12.4,11.7,1.3,0.7,2.2,APR 21 2022,"$35,344,828"
159,1629164,Brandon Goodwin,Cavaliers,Guard,6-0,180,USA,1995-10-02T00:00:00,3,Undrafted,133,4.7,1.6,1.9,0.4,0.0,133,4.7,1.6,1.9,0.4,0.0,,
160,203932,Aaron Gordon,Nuggets,Forward,6-8,235,USA,1995-09-16T00:00:00,7,4,528,13.0,6.3,2.5,0.7,0.6,528,13.0,6.3,2.5,0.7,0.6,APR 21 2022,"$16,409,091"
161,201569,Eric Gordon,Rockets,Guard,6-3,215,USA,1988-12-25T00:00:00,13,7,749,16.4,2.4,2.8,0.9,0.3,749,16.4,2.4,2.8,0.9,0.3,,"$18,218,818"
162,1628984,Devonte' Graham,Pelicans,Guard,6-1,195,USA,1995-02-22T00:00:00,3,34,240,12.8,2.5,5.0,0.9,0.1,240,12.8,2.5,5.0,0.9,0.1,APR 22 2022,"$11,000,000"
163,203924,Jerami Grant,Pistons,Forward,6-8,210,USA,1994-03-12T00:00:00,7,39,555,11.4,3.9,1.3,0.6,1.1,555,11.4,3.9,1.3,0.6,1.1,,"$20,000,000"
164,201980,Danny Green,76ers,Guard,6-6,215,USA,1987-06-22T00:00:00,12,46,819,8.7,3.4,1.6,1.0,0.8,819,8.7,3.4,1.6,1.0,0.8,APR 23 2022,"$10,000,000"
165,203110,Draymond Green,Warriors,Forward,6-6,230,USA,1990-03-04T00:00:00,9,35,685,8.7,6.9,5.4,1.4,1.0,685,8.7,6.9,5.4,1.4,1.0,APR 21 2022,"$24,026,712"
166,203210,JaMychal Green,Nuggets,Forward-Center,6-8,227,USA,1990-06-21T00:00:00,7,Undrafted,487,7.9,5.7,0.9,0.6,0.4,487,7.9,5.7,0.9,0.6,0.4,APR 21 2022,"$8,292,683"
167,1630224,Jalen Green,Rockets,Guard,6-4,186,USA,2002-02-09T00:00:00,0,2,67,17.3,3.4,2.6,0.7,0.3,67,17.3,3.4,2.6,0.7,0.3,,"$8,992,200"
168,1629750,Javonte Green,Bulls,Guard-Forward,6-5,205,USA,1993-07-23T00:00:00,2,Undrafted,154,5.0,2.9,0.7,0.8,0.3,154,5.0,2.9,0.7,0.8,0.3,APR 22 2022,"$1,669,178"
169,201145,Jeff Green,Nuggets,Forward,6-8,235,USA,1986-08-28T00:00:00,13,5,1051,12.6,4.3,1.5,0.7,0.5,1051,12.6,4.3,1.5,0.7,0.5,APR 21 2022,"$4,500,000"
170,1630182,Josh Green,Mavericks,Guard,6-5,200,Australia,2000-11-16T00:00:00,1,18,106,4.0,2.3,1.0,0.6,0.2,106,4.0,2.3,1.0,0.6,0.2,APR 21 2022,"$2,957,520"
171,201933,Blake Griffin,Nets,Forward,6-9,250,USA,1989-03-16T00:00:00,11,1,724,19.8,8.2,4.1,0.8,0.5,724,19.8,8.2,4.1,0.8,0.5,APR 23 2022,"$32,405,817"
172,1629656,Quentin Grimes,Knicks,Guard,6-4,210,USA,2000-05-08T00:00:00,0,25,46,6.0,2.0,1.0,0.7,0.2,46,6.0,2.0,1.0,0.7,0.2,,"$2,168,760"
173,1629060,Rui Hachimura,Wizards,Forward,6-8,230,Japan,1998-02-08T00:00:00,2,9,147,13.0,5.2,1.5,0.7,0.2,147,13.0,5.2,1.5,0.7,0.2,,"$4,916,160"
174,1630169,Tyrese Haliburton,Pacers,Guard,6-5,185,USA,2000-02-29T00:00:00,1,12,135,14.3,3.6,6.9,1.6,0.6,135,14.3,3.6,6.9,1.6,0.6,,"$4,023,600"
175,1630181,R.J. Hampton,Magic,Guard,6-4,175,USA,2001-02-07T00:00:00,1,24,115,7.3,3.2,2.1,0.5,0.2,115,7.3,3.2,2.1,0.5,0.2,,"$2,303,040"
176,203501,Tim Hardaway Jr.,Mavericks,Guard-Forward,6-5,205,USA,1992-03-16T00:00:00,8,24,586,13.9,2.8,1.9,0.6,0.1,586,13.9,2.8,1.9,0.6,0.1,APR 21 2022,"$21,306,816"
177,201935,James Harden,76ers,Guard,6-5,220,USA,1989-08-26T00:00:00,12,3,942,24.9,5.6,6.8,1.5,0.5,942,24.9,5.6,6.8,1.5,0.5,APR 23 2022,"$43,848,000"
178,203090,Maurice Harkless,Kings,Forward-Guard,6-7,220,USA,1993-05-11T00:00:00,9,15,621,6.9,3.5,0.9,0.9,0.6,621,6.9,3.5,0.9,0.9,0.6,,"$4,347,600"
179,1629607,Jared Harper,Pelicans,Guard,5-10,175,USA,1997-09-14T00:00:00,2,Undrafted,16,2.6,0.3,0.9,0.3,0.1,16,2.6,0.3,0.9,0.3,0.1,APR 22 2022,
180,1626149,Montrezl Harrell,Hornets,Forward-Center,6-7,240,USA,1994-01-26T00:00:00,6,32,458,12.9,5.3,1.4,0.6,0.8,458,12.9,5.3,1.4,0.6,0.8,,"$9,720,900"
181,203914,Gary Harris,Magic,Guard,6-4,210,USA,1994-09-14T00:00:00,7,19,468,11.8,2.5,2.1,1.2,0.2,468,11.8,2.5,2.1,1.2,0.2,,"$20,482,143"
182,203925,Joe Harris,Nets,Guard-Forward,6-6,220,USA,1991-09-06T00:00:00,7,33,414,11.1,3.2,1.6,0.5,0.2,414,11.1,3.2,1.6,0.5,0.2,APR 23 2022,"$17,357,143"
183,202699,Tobias Harris,76ers,Forward,6-7,226,USA,1992-07-15T00:00:00,10,19,753,16.4,6.2,2.3,0.7,0.5,753,16.4,6.2,2.3,0.7,0.5,APR 23 2022,"$36,000,000"
184,1628404,Josh Hart,Trail Blazers,Guard,6-5,215,USA,1995-03-06T00:00:00,4,30,296,9.9,5.7,2.1,0.9,0.4,296,9.9,5.7,2.1,0.9,0.4,,"$12,000,000"
185,1628392,Isaiah Hartenstein,Clippers,Center-Forward,7-0,250,Germany,1998-05-05T00:00:00,3,43,165,5.8,3.9,1.5,0.5,0.8,165,5.8,3.9,1.5,0.5,0.8,,"$3,430,810"
186,2617,Udonis Haslem,Heat,Forward,6-8,235,USA,1980-06-09T00:00:00,18,Undrafted,872,7.5,6.6,0.8,0.5,0.3,872,7.5,6.6,0.8,0.5,0.3,APR 22 2022,"$2,641,691"
187,1630573,Sam Hauser,Celtics,Forward,6-7,217,USA,1997-12-08T00:00:00,0,Undrafted,26,2.5,1.1,0.4,0.0,0.1,26,2.5,1.1,0.4,0.0,0.1,APR 23 2022,"$313,737"
188,1629637,Jaxson Hayes,Pelicans,Center-Forward,6-11,220,USA,2000-05-23T00:00:00,2,8,194,8.1,4.3,0.7,0.4,0.8,194,8.1,4.3,0.7,0.4,0.8,APR 22 2022,"$5,348,280"
189,1630165,Killian Hayes,Pistons,Guard,6-5,195,France,2001-07-27T00:00:00,1,7,92,6.8,3.0,4.5,1.1,0.5,92,6.8,3.0,4.5,1.1,0.5,,"$5,572,680"
190,202330,Gordon Hayward,Hornets,Forward,6-7,225,USA,1990-03-23T00:00:00,11,9,734,15.6,4.5,3.5,1.0,0.4,734,15.6,4.5,3.5,1.0,0.4,,"$29,900,000"
191,1627823,Juancho Hernangomez,Jazz,Forward,6-9,214,Spain,1995-09-28T00:00:00,5,15,297,5.4,3.4,0.6,0.4,0.2,297,5.4,3.4,0.6,0.4,0.2,APR 21 2022,"$6,175,440"
192,1626195,Willy Hernangomez,Pelicans,Center-Forward,6-11,250,Spain,1994-05-27T00:00:00,5,35,306,7.4,5.9,1.1,0.4,0.4,306,7.4,5.9,1.1,0.4,0.4,APR 22 2022,"$2,327,220"
193,1629639,Tyler Herro,Heat,Guard,6-5,195,USA,2000-01-20T00:00:00,2,13,175,16.7,4.7,3.2,0.6,0.2,175,16.7,4.7,3.2,0.6,0.2,APR 22 2022,"$4,004,280"
194,1627741,Buddy Hield,Pacers,Guard,6-4,220,Bahamas,1992-12-17T00:00:00,5,6,468,15.9,4.3,2.5,0.8,0.3,468,15.9,4.3,2.5,0.8,0.3,,"$22,477,273"
195,1629312,Haywood Highsmith,Heat,Forward,6-4,220,USA,1996-12-09T00:00:00,1,,24,2.2,1.3,0.3,0.1,0.1,24,2.2,1.3,0.3,0.1,0.1,APR 22 2022,"$290,967"
196,201588,George Hill,Bucks,Guard,6-4,188,USA,1986-05-04T00:00:00,13,26,869,10.7,3.0,3.1,0.9,0.3,869,10.7,3.0,3.1,0.9,0.3,APR 22 2022,"$4,000,000"
197,1630792,Malcolm Hill,Bulls,Forward,6-6,220,USA,1995-10-26T00:00:00,0,Undrafted,19,3.8,1.8,0.4,0.4,0.2,19,3.8,1.8,0.4,0.4,0.2,APR 22 2022,
198,1630207,Nate Hinton,Pacers,Guard-Forward,6-5,210,USA,1999-06-08T00:00:00,1,Undrafted,23,1.8,0.4,0.3,0.3,0.1,23,1.8,0.4,0.3,0.3,0.1,,
199,1628988,Aaron Holiday,Suns,Guard,6-0,185,USA,1996-09-30T00:00:00,3,23,245,7.3,1.8,2.4,0.7,0.2,245,7.3,1.8,2.4,0.7,0.2,APR 22 2022,"$3,980,551"
200,201950,Jrue Holiday,Bucks,Guard,6-3,205,USA,1990-06-12T00:00:00,12,17,839,16.2,4.0,6.4,1.5,0.5,839,16.2,4.0,6.4,1.5,0.5,APR 22 2022,"$30,133,333"
201,203200,Justin Holiday,Kings,Forward-Guard,6-6,180,USA,1989-04-05T00:00:00,8,Undrafted,576,8.7,3.0,1.5,1.0,0.4,576,8.7,3.0,1.5,1.0,0.4,,"$6,006,420"
202,1626158,Richaun Holmes,Kings,Forward,6-10,235,USA,1993-10-15T00:00:00,6,37,376,9.6,5.8,1.1,0.6,1.1,376,9.6,5.8,1.1,0.6,1.1,,"$10,384,500"
203,203918,Rodney Hood,Clippers,Guard-Forward,6-8,208,USA,1992-10-20T00:00:00,7,23,448,10.4,2.6,1.6,0.7,0.2,448,10.4,2.6,1.6,0.7,0.2,,"$2,239,544"
204,201143,Al Horford,Celtics,Center-Forward,6-9,240,Dominican Republic,1986-06-03T00:00:00,14,3,950,13.7,8.2,3.3,0.8,1.2,950,13.7,8.2,3.3,0.8,1.2,APR 23 2022,"$27,000,000"
205,1629659,Talen Horton-Tucker,Lakers,Guard,6-4,234,USA,2000-11-25T00:00:00,2,46,131,9.3,2.8,2.6,1.0,0.4,131,9.3,2.8,2.6,1.0,0.4,,"$9,500,000"
206,1627863,Danuel House Jr.,Jazz,Forward-Guard,6-6,220,USA,1993-06-07T00:00:00,5,Undrafted,204,8.5,3.6,1.3,0.7,0.4,204,8.5,3.6,1.3,0.7,0.4,APR 21 2022,"$2,045,094"
207,2730,Dwight Howard,Lakers,Center-Forward,6-10,265,USA,1985-12-08T00:00:00,17,1,1242,15.7,11.8,1.3,0.9,1.8,1242,15.7,11.8,1.3,0.9,1.8,,"$2,641,691"
208,1630210,Markus Howard,Nuggets,Guard,5-10,175,USA,1999-03-03T00:00:00,1,Undrafted,68,3.4,0.5,0.4,0.2,0.0,68,3.4,0.5,0.4,0.2,0.0,APR 21 2022,
209,1628989,Kevin Huerter,Hawks,Guard-Forward,6-7,198,USA,1998-08-27T00:00:00,3,19,274,11.4,3.5,3.2,0.9,0.4,274,11.4,3.5,3.2,0.9,0.4,APR 22 2022,"$4,253,357"
210,1630190,Elijah Hughes,Trail Blazers,Guard,6-5,215,USA,1998-03-10T00:00:00,1,39,54,2.9,1.2,0.5,0.3,0.2,54,2.9,1.2,0.5,0.3,0.2,,"$1,517,981"
211,1630624,Feron Hunt,Knicks,Forward,6-8,195,USA,1999-07-05T00:00:00,0,Undrafted,2,0.0,0.5,0.5,0.5,0.0,2,0.0,0.5,0.5,0.5,0.0,,
212,1629631,De'Andre Hunter,Hawks,Forward-Guard,6-8,221,USA,1997-12-02T00:00:00,2,4,139,13.2,4.1,1.6,0.7,0.4,139,13.2,4.1,1.6,0.7,0.4,APR 22 2022,"$7,775,400"
213,1630538,Bones Hyland,Nuggets,Guard,6-2,169,USA,2000-09-14T00:00:00,0,26,69,10.1,2.7,2.8,0.6,0.3,69,10.1,2.7,2.8,0.6,0.3,APR 21 2022,"$2,096,880"
214,201586,Serge Ibaka,Bucks,Forward,6-10,235,Republic of the Congo,1989-09-18T00:00:00,12,24,903,12.1,7.2,0.8,0.4,1.9,903,12.1,7.2,0.8,0.4,1.9,APR 22 2022,"$9,742,000"
215,2738,Andre Iguodala,Warriors,Guard-Forward,6-6,215,USA,1984-01-28T00:00:00,17,9,1223,11.4,4.9,4.2,1.4,0.5,1223,11.4,4.9,4.2,1.4,0.5,APR 21 2022,"$2,641,691"
216,204060,Joe Ingles,Trail Blazers,Forward-Guard,6-8,220,Australia,1987-10-02T00:00:00,7,Undrafted,590,8.6,3.2,3.8,0.9,0.2,590,8.6,3.2,3.8,0.9,0.2,,"$14,000,000"
217,1627742,Brandon Ingram,Pelicans,Forward,6-8,190,USA,1997-09-02T00:00:00,5,2,368,18.5,5.2,3.8,0.7,0.6,368,18.5,5.2,3.8,0.7,0.6,APR 22 2022,"$29,467,800"
218,202681,Kyrie Irving,Nets,Guard,6-2,195,Australia,1992-03-23T00:00:00,10,1,611,23.1,3.8,5.7,1.3,0.4,611,23.1,3.8,5.7,1.3,0.4,APR 23 2022,"$34,916,200"
219,1628371,Jonathan Isaac,Magic,Forward,6-10,230,USA,1997-10-03T00:00:00,3,6,136,9.3,5.4,1.1,1.1,1.5,136,9.3,5.4,1.1,1.1,1.5,,"$17,400,000"
220,1628402,Frank Jackson,Pistons,Guard,6-3,205,USA,1998-05-04T00:00:00,3,31,213,8.5,1.8,1.0,0.4,0.1,213,8.5,1.8,1.0,0.4,0.1,,"$3,000,000"
221,1630543,Isaiah Jackson,Pacers,Forward,6-10,205,USA,2002-01-10T00:00:00,0,22,36,8.3,4.1,0.3,0.7,1.4,36,8.3,4.1,0.3,0.7,1.4,,"$2,451,120"
222,1628367,Josh Jackson,Kings,Guard-Forward,6-8,207,USA,1997-02-10T00:00:00,4,4,291,11.3,4.0,1.8,0.9,0.6,291,11.3,4.0,1.8,0.9,0.6,,"$5,005,350"
223,202704,Reggie Jackson,Clippers,Guard,6-2,208,USA,1990-04-16T00:00:00,10,24,703,13.1,3.0,4.3,0.7,0.1,703,13.1,3.0,4.3,0.7,0.1,,"$10,384,500"
224,1628991,Jaren Jackson Jr.,Grizzlies,Forward-Center,6-11,242,USA,1999-09-15T00:00:00,3,4,204,15.8,5.1,1.2,0.9,1.8,204,15.8,5.1,1.2,0.9,1.8,APR 21 2022,"$9,180,560"
225,2544,LeBron James,Lakers,Forward,6-9,250,USA,1984-12-30T00:00:00,18,1,1366,27.1,7.5,7.4,1.6,0.8,1366,27.1,7.5,7.4,1.6,0.8,,"$41,180,544"
226,1629660,Ty Jerome,Thunder,Guard-Forward,6-5,195,USA,1997-07-08T00:00:00,2,24,112,7.1,1.9,2.4,0.6,0.1,112,7.1,1.9,2.4,0.6,0.1,,"$2,412,840"
227,1630198,Isaiah Joe,76ers,Guard,6-4,165,USA,1999-07-02T00:00:00,1,49,96,3.7,1.0,0.6,0.3,0.1,96,3.7,1.0,0.6,0.3,0.1,APR 23 2022,"$1,517,981"
228,1629661,Cameron Johnson,Suns,Forward,6-8,210,USA,1996-03-03T00:00:00,2,11,183,10.4,3.6,1.4,0.7,0.3,183,10.4,3.6,1.4,0.7,0.3,APR 22 2022,"$4,437,000"
229,1630525,David Johnson,Raptors,Guard,6-4,203,USA,2001-02-26T00:00:00,0,47,2,0.0,0.0,0.0,0.0,0.0,2,0.0,0.0,0.0,0.0,0.0,APR 23 2022,
230,1630552,Jalen Johnson,Hawks,Forward,6-8,219,USA,2001-12-18T00:00:00,0,20,22,2.4,1.2,0.1,0.1,0.1,22,2.4,1.2,0.1,0.1,0.1,APR 22 2022,"$2,659,560"
231,1629640,Keldon Johnson,Spurs,Forward-Guard,6-6,220,USA,1999-10-11T00:00:00,2,29,161,14.4,5.8,1.8,0.7,0.2,161,14.4,5.8,1.8,0.7,0.2,,"$2,145,720"
232,1630553,Keon Johnson,Trail Blazers,Guard,6-4,185,USA,2002-03-10T00:00:00,0,21,37,7.2,2.2,2.1,0.8,0.3,37,7.2,2.2,2.1,0.8,0.3,,"$2,553,120"
233,1626169,Stanley Johnson,Lakers,Forward-Guard,6-6,242,USA,1996-05-29T00:00:00,6,8,419,6.3,3.1,1.5,0.9,0.2,419,6.3,3.1,1.5,0.9,0.2,,"$888,616"
234,203999,Nikola Jokic,Nuggets,Center,6-11,284,Serbia,1995-02-19T00:00:00,6,41,527,19.7,10.4,6.2,1.2,0.7,527,19.7,10.4,6.2,1.2,0.7,APR 21 2022,"$30,510,423"
235,1627745,Damian Jones,Kings,Center,6-11,245,USA,1995-06-30T00:00:00,5,30,199,5.6,3.4,0.8,0.4,0.7,199,5.6,3.4,0.8,0.4,0.7,,"$1,977,011"
236,1630529,Herbert Jones,Pelicans,Forward,6-7,206,USA,1998-10-06T00:00:00,0,35,78,9.5,3.8,2.1,1.7,0.8,78,9.5,3.8,2.1,1.7,0.8,APR 22 2022,"$1,700,000"
237,1630539,Kai Jones,Hornets,Center-Forward,6-10,221,Bahamas,2001-01-19T00:00:00,0,19,21,1.0,0.5,0.2,0.0,0.1,21,1.0,0.5,0.2,0.0,0.1,,"$2,770,560"
238,1630222,Mason Jones,Lakers,Guard,6-4,200,USA,1998-07-21T00:00:00,1,Undrafted,36,5.4,1.8,1.3,0.3,0.0,36,5.4,1.8,1.3,0.3,0.0,,
239,1630200,Tre Jones,Spurs,Guard,6-1,185,USA,2000-01-08T00:00:00,1,41,106,4.8,1.7,2.6,0.5,0.1,106,4.8,1.7,2.6,0.5,0.1,,"$1,517,981"
240,1626145,Tyus Jones,Grizzlies,Guard,6-0,196,USA,1996-05-10T00:00:00,6,24,455,6.2,1.8,3.7,1.0,0.1,455,6.2,1.8,3.7,1.0,0.1,APR 21 2022,"$7,522,200"
241,1627884,Derrick Jones Jr.,Bulls,Forward,6-6,210,USA,1997-02-15T00:00:00,5,Undrafted,280,6.5,3.4,0.7,0.7,0.7,280,6.5,3.4,0.7,0.7,0.7,APR 22 2022,"$9,720,900"
242,201599,DeAndre Jordan,76ers,Center,6-11,265,USA,1988-07-21T00:00:00,13,35,980,9.1,10.3,1.0,0.5,1.5,980,9.1,10.3,1.0,0.5,1.5,APR 23 2022,"$11,109,327"
243,202709,Cory Joseph,Pistons,Guard,6-3,200,Canada,1991-08-20T00:00:00,10,29,728,7.1,2.6,3.0,0.8,0.2,728,7.1,2.6,3.0,0.8,0.2,,"$7,310,000"
244,1628379,Luke Kennard,Clippers,Guard,6-5,206,USA,1996-06-24T00:00:00,4,12,297,10.0,2.9,2.0,0.5,0.1,297,10.0,2.9,2.0,0.5,0.1,,"$12,727,273"
245,1630296,Braxton Key,Pistons,Forward,6-8,225,USA,1997-02-14T00:00:00,0,Undrafted,11,7.2,4.5,1.0,0.9,1.0,11,7.2,4.5,1.0,0.9,1.0,,
246,1630557,Corey Kispert,Wizards,Forward,6-6,224,USA,1999-03-03T00:00:00,0,15,77,8.2,2.7,1.1,0.5,0.3,77,8.2,2.7,1.1,0.5,0.3,,"$3,383,640"
247,1628467,Maxi Kleber,Mavericks,Forward,6-10,240,Germany,1992-01-29T00:00:00,4,Undrafted,326,7.1,4.8,1.1,0.4,0.9,326,7.1,4.8,1.1,0.4,0.9,APR 21 2022,"$8,750,000"
248,1630233,Nathan Knight,Timberwolves,Forward-Center,6-10,253,USA,1997-09-20T00:00:00,1,Undrafted,70,3.7,2.2,0.4,0.2,0.3,70,3.7,2.2,0.4,0.2,0.3,APR 21 2022,
249,1628995,Kevin Knox II,Hawks,Forward,6-7,215,USA,1999-08-11T00:00:00,3,9,212,7.7,2.9,0.8,0.4,0.3,212,7.7,2.9,0.8,0.4,0.3,APR 22 2022,"$5,845,978"
250,1629723,John Konchar,Grizzlies,Guard,6-5,210,USA,1996-03-22T00:00:00,2,Undrafted,134,4.4,3.8,1.3,0.6,0.3,134,4.4,3.8,1.3,0.6,0.3,APR 21 2022,"$2,197,674"
251,1627788,Furkan Korkmaz,76ers,Guard-Forward,6-7,202,Turkey,1997-07-24T00:00:00,4,26,256,7.9,2.2,1.3,0.6,0.1,256,7.9,2.2,1.3,0.6,0.1,APR 23 2022,"$4,629,630"
252,1628436,Luke Kornet,Celtics,Center-Forward,7-2,250,USA,1995-07-15T00:00:00,4,Undrafted,148,5.5,2.6,1.0,0.3,0.8,148,5.5,2.6,1.0,0.3,0.8,APR 23 2022,"$606,702"
253,1630249,Vit Krejci,Thunder,Guard,6-8,195,Czech Republic,2000-06-19T00:00:00,0,37,30,6.2,3.4,1.9,0.6,0.3,30,6.2,3.4,1.9,0.6,0.3,,"$925,258"
254,1629083,Arnoldas Kulboka,Hornets,Forward,6-10,209,Lithuania,1998-01-04T00:00:00,0,55,2,0.0,0.0,0.0,0.0,0.0,2,0.0,0.0,0.0,0.0,0.0,,
255,1630228,Jonathan Kuminga,Warriors,Forward,6-7,225,DRC,2002-10-06T00:00:00,0,7,70,9.3,3.3,0.9,0.4,0.3,70,9.3,3.3,0.9,0.4,0.3,APR 21 2022,"$5,466,360"
256,1628398,Kyle Kuzma,Wizards,Forward,6-9,221,USA,1995-07-24T00:00:00,4,27,342,15.6,6.2,2.2,0.6,0.5,342,15.6,6.2,2.2,0.6,0.5,,"$13,000,000"
257,203897,Zach LaVine,Bulls,Guard-Forward,6-5,200,USA,1995-03-10T00:00:00,7,13,478,19.8,3.9,3.9,0.9,0.3,478,19.8,3.9,3.9,0.9,0.3,APR 22 2022,"$19,500,000"
258,1630237,Anthony Lamb,Rockets,Forward,6-6,227,USA,1998-01-20T00:00:00,1,Undrafted,26,5.1,2.7,1.0,0.2,0.2,26,5.1,2.7,1.0,0.2,0.2,,
259,203087,Jeremy Lamb,Kings,Guard-Forward,6-5,180,USA,1992-05-30T00:00:00,9,12,573,10.1,3.6,1.6,0.7,0.4,573,10.1,3.6,1.6,0.7,0.4,,"$10,500,000"
260,1629111,Jock Landale,Spurs,Center,6-11,255,Australia,1995-10-25T00:00:00,0,Undrafted,54,4.9,2.6,0.8,0.2,0.3,54,4.9,2.6,0.8,0.2,0.3,,"$925,258"
261,1629641,Romeo Langford,Spurs,Guard-Forward,6-5,216,USA,1999-10-25T00:00:00,2,14,98,3.6,1.9,0.5,0.4,0.3,98,3.6,1.9,0.5,0.4,0.3,,"$3,804,360"
262,1627774,Jake Layman,Timberwolves,Forward,6-8,209,USA,1994-03-07T00:00:00,5,47,243,4.8,1.7,0.5,0.4,0.3,243,4.8,1.7,0.5,0.4,0.3,APR 21 2022,"$3,940,184"
263,1627747,Caris LeVert,Cavaliers,Guard,6-6,205,USA,1994-08-25T00:00:00,5,20,318,14.6,3.8,4.0,1.1,0.3,318,14.6,3.8,4.0,1.1,0.3,,"$17,500,000"
264,1627814,Damion Lee,Warriors,Guard-Forward,6-5,210,USA,1992-10-21T00:00:00,4,Undrafted,216,8.2,3.5,1.4,0.7,0.1,216,8.2,3.5,1.4,0.7,0.1,APR 21 2022,"$1,910,860"
265,1630240,Saben Lee,Pistons,Guard,6-2,183,USA,1999-06-23T00:00:00,1,38,85,5.6,2.2,3.3,0.8,0.3,85,5.6,2.2,3.3,0.8,0.3,,"$1,489,065"
266,203458,Alex Len,Kings,Center,7-0,250,Ukraine,1993-06-16T00:00:00,8,5,570,7.7,5.9,0.9,0.4,1.0,570,7.7,5.9,0.9,0.4,1.0,,"$3,731,707"
267,202695,Kawhi Leonard,Clippers,Forward,6-7,225,USA,1991-06-29T00:00:00,10,15,576,19.2,6.4,2.9,1.8,0.6,576,19.2,6.4,2.9,1.8,0.6,,"$39,344,900"
268,1630575,Scottie Lewis,Hornets,Guard,6-5,185,USA,2000-03-12T00:00:00,0,56,2,0.5,0.0,0.5,0.5,0.0,2,0.5,0.0,0.5,0.5,0.0,,
269,1630184,Kira Lewis Jr.,Pelicans,Guard,6-1,170,USA,2001-04-06T00:00:00,1,13,78,6.2,1.4,2.2,0.6,0.1,78,6.2,1.4,2.2,0.6,0.1,APR 22 2022,"$3,822,240"
270,203081,Damian Lillard,Trail Blazers,Guard,6-2,195,USA,1990-07-15T00:00:00,9,6,711,24.6,4.2,6.6,1.0,0.3,711,24.6,4.2,6.6,1.0,0.3,,"$39,344,900"
271,1629642,Nassir Little,Trail Blazers,Forward-Guard,6-5,220,USA,2000-02-11T00:00:00,2,25,138,5.8,3.4,0.7,0.3,0.5,138,5.8,3.4,0.7,0.3,0.5,,"$2,316,240"
272,1630587,Isaiah Livers,Pistons,Forward,6-6,232,USA,1998-07-28T00:00:00,0,42,19,6.4,3.0,1.1,0.7,0.4,19,6.4,3.0,1.1,0.7,0.4,,"$1,057,260"
273,1626172,Kevon Looney,Warriors,Forward,6-9,222,USA,1996-02-06T00:00:00,6,30,367,4.7,4.8,1.4,0.5,0.6,367,4.7,4.8,1.4,0.5,0.6,APR 21 2022,"$5,178,572"
274,201572,Brook Lopez,Bucks,Center,7-0,282,USA,1988-04-01T00:00:00,13,10,868,16.4,6.2,1.4,0.6,1.8,868,16.4,6.2,1.4,0.6,1.8,APR 22 2022,"$13,302,325"
275,201577,Robin Lopez,Magic,Center,7-0,281,USA,1988-04-01T00:00:00,13,15,939,8.7,4.9,0.8,0.2,1.1,939,8.7,4.9,0.8,0.2,1.1,,"$5,000,000"
276,1629712,Didi Louzada,Trail Blazers,Guard,6-5,188,Brazil,1999-07-02T00:00:00,1,35,12,3.6,1.7,0.7,0.3,0.2,12,3.6,1.7,0.7,0.3,0.2,,"$1,786,878"
277,201567,Kevin Love,Cavaliers,Forward-Center,6-8,251,USA,1988-09-07T00:00:00,13,5,812,17.6,10.7,2.4,0.7,0.4,812,17.6,10.7,2.4,0.7,0.4,,"$31,300,000"
278,200768,Kyle Lowry,Heat,Guard,6-0,196,USA,1986-03-25T00:00:00,15,24,1023,14.8,4.4,6.3,1.3,0.3,1023,14.8,4.4,6.3,1.3,0.3,APR 22 2022,"$26,984,128"
279,1630994,Gabriel Lundberg,Suns,Guard,6-4,203,Denmark,1994-12-04T00:00:00,0,Undrafted,4,3.3,1.8,2.8,0.8,0.0,4,3.3,1.8,2.8,0.8,0.0,APR 22 2022,
280,1627789,Timothe Luwawu-Cabarrot,Hawks,Guard-Forward,6-7,215,France,1995-05-09T00:00:00,5,24,328,5.9,2.0,0.9,0.4,0.1,328,5.9,2.0,0.9,0.4,0.1,APR 22 2022,"$1,939,350"
281,1626168,Trey Lyles,Kings,Forward,6-9,234,Canada,1995-11-05T00:00:00,6,12,449,7.8,4.3,1.1,0.4,0.3,449,7.8,4.3,1.1,0.4,0.3,,"$2,500,000"
282,1630177,Theo Maledon,Thunder,Guard,6-4,175,France,2001-06-12T00:00:00,1,34,116,8.8,2.9,2.9,0.8,0.2,116,8.8,2.9,2.9,0.8,0.2,,"$2,000,000"
283,1630572,Sandro Mamukelashvili,Bucks,Forward-Center,6-9,240,Georgia,1999-05-23T00:00:00,0,54,41,3.8,2.0,0.5,0.2,0.2,41,3.8,2.0,0.5,0.2,0.2,APR 22 2022,
284,1629611,Terance Mann,Clippers,Guard-Forward,6-5,215,USA,1996-10-18T00:00:00,2,48,189,7.6,3.8,1.9,0.5,0.2,189,7.6,3.8,1.9,0.5,0.2,,"$1,782,621"
285,1630544,Tre Mann,Thunder,Guard,6-3,178,USA,2001-02-03T00:00:00,0,18,60,10.4,2.9,1.5,0.8,0.2,60,10.4,2.9,1.5,0.8,0.2,,"$2,901,240"
286,1626246,Boban Marjanovic,Mavericks,Center,7-3,290,Serbia,1988-08-15T00:00:00,6,Undrafted,286,5.9,3.8,0.5,0.2,0.3,286,5.9,3.8,0.5,0.2,0.3,APR 21 2022,"$3,500,000"
287,1628374,Lauri Markkanen,Cavaliers,Forward-Center,6-11,240,Finland,1997-05-22T00:00:00,4,7,282,15.4,6.8,1.3,0.7,0.5,282,15.4,6.8,1.3,0.7,0.5,,"$15,690,909"
288,1630230,Naji Marshall,Pelicans,Forward,6-7,220,USA,1998-01-24T00:00:00,1,Undrafted,87,6.4,3.3,1.7,0.7,0.2,87,6.4,3.3,1.7,0.7,0.2,APR 22 2022,"$1,517,981"
289,1628997,Caleb Martin,Heat,Forward,6-5,205,USA,1995-09-28T00:00:00,2,Undrafted,131,7.1,3.1,1.2,0.8,0.4,131,7.1,3.1,1.2,0.8,0.4,APR 22 2022,"$527,614"
290,1628998,Cody Martin,Hornets,Forward,6-6,205,USA,1995-09-28T00:00:00,2,36,171,5.8,3.5,2.1,1.0,0.3,171,5.8,3.5,2.1,1.0,0.3,,"$1,782,621"
291,1630231,Kenyon Martin Jr.,Rockets,Forward,6-5,215,USA,2001-01-06T00:00:00,1,52,124,9.0,4.3,1.2,0.5,0.7,124,9.0,4.3,1.2,0.5,0.7,,"$1,517,981"
292,1629726,Garrison Mathews,Rockets,Guard,6-5,215,USA,1996-10-24T00:00:00,2,Undrafted,147,7.5,2.0,0.7,0.6,0.2,147,7.5,2.0,0.7,0.6,0.2,,"$1,093,598"
293,202083,Wesley Matthews,Bucks,Guard,6-4,220,USA,1986-10-14T00:00:00,12,Undrafted,898,12.2,2.9,2.0,1.0,0.2,898,12.2,2.9,2.0,1.0,0.2,APR 22 2022,"$1,958,501"
294,1630178,Tyrese Maxey,76ers,Guard,6-2,200,USA,2000-11-04T00:00:00,1,21,136,13.2,2.5,3.2,0.6,0.3,136,13.2,2.5,3.2,0.6,0.3,APR 23 2022,"$2,602,920"
295,1630219,Skylar Mays,Hawks,Guard,6-4,205,USA,1997-09-05T00:00:00,1,50,61,3.3,1.0,0.8,0.3,0.0,61,3.3,1.0,0.8,0.3,0.0,APR 22 2022,"$34,231"
296,1630540,Miles McBride,Knicks,Guard,6-1,195,USA,2000-09-08T00:00:00,0,36,40,2.2,1.1,1.0,0.4,0.0,40,2.2,1.1,1.0,0.4,0.0,,"$925,258"
297,1630644,Mac McClung,Lakers,Guard,6-2,185,USA,1999-01-06T00:00:00,0,Undrafted,2,4.0,1.5,0.5,0.5,0.5,2,4.0,1.5,0.5,0.5,0.5,,
298,203468,CJ McCollum,Pelicans,Guard,6-3,190,USA,1991-09-19T00:00:00,8,10,590,19.2,3.5,3.5,0.9,0.4,590,19.2,3.5,3.5,0.9,0.4,APR 22 2022,"$30,864,198"
299,204456,T.J. McConnell,Pacers,Guard,6-1,190,USA,1992-03-25T00:00:00,6,,481,6.9,3.0,5.0,1.3,0.2,481,6.9,3.0,5.0,1.3,0.2,,"$7,500,000"
300,1630183,Jaden McDaniels,Timberwolves,Forward,6-9,185,USA,2000-09-29T00:00:00,1,28,133,8.1,3.9,1.1,0.7,0.9,133,8.1,3.9,1.1,0.7,0.9,APR 21 2022,"$2,063,280"
301,1629667,Jalen McDaniels,Hornets,Forward-Center,6-9,205,USA,1998-01-31T00:00:00,2,52,118,6.6,3.4,1.1,0.5,0.4,118,6.6,3.4,1.1,0.5,0.4,,"$1,782,621"
302,203926,Doug McDermott,Spurs,Forward,6-7,225,USA,1992-01-03T00:00:00,7,11,527,9.2,2.3,0.9,0.2,0.1,527,9.2,2.3,0.9,0.2,0.1,,"$13,750,000"
303,201580,JaVale McGee,Suns,Center-Forward,7-0,270,USA,1988-01-19T00:00:00,13,18,821,8.0,5.3,0.4,0.4,1.5,821,8.0,5.3,0.4,0.4,1.5,APR 22 2022,"$5,000,000"
304,203585,Rodney McGruder,Pistons,Guard,6-4,205,USA,1991-07-29T00:00:00,5,Undrafted,285,5.8,2.8,1.2,0.5,0.2,285,5.8,2.8,1.2,0.5,0.2,,"$1,939,350"
305,1629162,Jordan McLaughlin,Timberwolves,Guard,5-11,185,USA,1996-04-09T00:00:00,2,Undrafted,143,5.0,1.8,3.5,1.0,0.1,143,5.0,1.8,3.5,1.0,0.1,APR 21 2022,"$1,669,178"
306,203463,Ben McLemore,Trail Blazers,Guard,6-3,195,USA,1993-02-11T00:00:00,8,7,556,9.0,2.3,1.0,0.6,0.2,556,9.0,2.3,1.0,0.6,0.2,,"$2,389,641"
307,1629001,De'Anthony Melton,Grizzlies,Guard,6-2,200,USA,1998-05-28T00:00:00,3,46,235,8.4,3.6,2.8,1.3,0.5,235,8.4,3.6,2.8,1.3,0.5,APR 21 2022,"$8,437,500"
308,1629002,Chimezie Metu,Kings,Forward-Center,6-9,225,USA,1997-03-22T00:00:00,3,49,143,6.1,3.6,0.8,0.5,0.4,143,6.1,3.6,0.8,0.5,0.4,,"$1,762,796"
309,203114,Khris Middleton,Bucks,Forward,6-7,222,USA,1991-08-12T00:00:00,9,39,651,17.1,4.9,3.8,1.2,0.2,651,17.1,4.9,3.8,1.2,0.2,APR 22 2022,"$35,500,000"
310,201988,Patty Mills,Nets,Guard,6-0,180,Australia,1988-08-11T00:00:00,12,55,820,9.2,1.7,2.3,0.7,0.1,820,9.2,1.7,2.3,0.7,0.1,APR 23 2022,"$5,890,000"
311,200794,Paul Millsap,76ers,Forward,6-7,257,USA,1985-02-10T00:00:00,15,47,1085,13.4,7.1,2.2,1.2,1.0,1085,13.4,7.1,2.2,1.2,1.0,APR 23 2022,"$2,641,691"
312,1629003,Shake Milton,76ers,Guard-Forward,6-5,205,USA,1996-09-26T00:00:00,3,54,178,9.7,2.3,2.6,0.5,0.3,178,9.7,2.3,2.6,0.5,0.3,APR 23 2022,"$1,846,738"
313,1630558,Davion Mitchell,Kings,Guard,6-0,202,USA,1998-09-05T00:00:00,0,9,75,11.5,2.2,4.2,0.7,0.3,75,11.5,2.2,4.2,0.7,0.3,,"$4,603,320"
314,1628378,Donovan Mitchell,Jazz,Guard,6-1,215,USA,1996-09-07T00:00:00,4,13,345,23.9,4.2,4.5,1.3,0.3,345,23.9,4.2,4.5,1.3,0.3,APR 21 2022,"$28,103,550"
315,1630596,Evan Mobley,Cavaliers,Center,6-11,215,USA,2001-06-18T00:00:00,0,3,69,15.0,8.3,2.5,0.8,1.7,69,15.0,8.3,2.5,0.8,1.7,,"$8,075,160"
316,1628370,Malik Monk,Lakers,Guard,6-3,200,USA,1998-02-04T00:00:00,4,11,309,10.3,2.3,2.0,0.5,0.2,309,10.3,2.3,2.0,0.5,0.2,,"$1,789,256"
317,202328,Greg Monroe,Timberwolves,Forward-Center,6-10,250,USA,1990-06-04T00:00:00,9,7,646,13.0,8.2,2.1,1.1,0.6,646,13.0,8.2,2.1,1.1,0.6,APR 21 2022,"$55,208"
318,1630541,Moses Moody,Warriors,Guard,6-5,211,USA,2002-05-31T00:00:00,0,14,52,4.4,1.5,0.4,0.1,0.2,52,4.4,1.5,0.4,0.1,0.2,APR 21 2022,"$3,562,080"
319,1629875,Xavier Moon,Clippers,Guard,6-2,165,USA,1995-01-02T00:00:00,0,Undrafted,10,5.8,1.4,2.4,0.7,0.3,10,5.8,1.4,2.4,0.7,0.3,,
320,1629630,Ja Morant,Grizzlies,Guard,6-3,174,USA,1999-08-10T00:00:00,2,2,187,21.2,4.5,7.1,1.0,0.3,187,21.2,4.5,7.1,1.0,0.3,APR 21 2022,"$9,603,360"
321,1629752,Juwan Morgan,Celtics,Forward,6-7,232,USA,1997-04-17T00:00:00,2,Undrafted,52,1.5,1.2,0.3,0.1,0.1,52,1.5,1.2,0.3,0.1,0.1,APR 23 2022,"$19,186"
322,202693,Markieff Morris,Heat,Forward,6-9,245,USA,1989-09-02T00:00:00,10,13,715,10.9,5.2,1.6,0.8,0.5,715,10.9,5.2,1.6,0.8,0.5,APR 22 2022,"$2,641,691"
323,1628420,Monte Morris,Nuggets,Guard,6-2,183,USA,1995-06-27T00:00:00,4,51,280,10.5,2.3,3.7,0.8,0.2,280,10.5,2.3,3.7,0.8,0.2,APR 21 2022,"$8,333,333"
324,202694,Marcus Morris Sr.,Clippers,Forward,6-8,218,USA,1989-09-02T00:00:00,10,14,718,12.4,4.6,1.5,0.7,0.3,718,12.4,4.6,1.5,0.7,0.3,,"$15,627,907"
325,1628539,Mychal Mulder,Heat,Guard,6-3,195,Canada,1994-06-12T00:00:00,2,Undrafted,84,5.8,1.3,0.5,0.2,0.2,84,5.8,1.3,0.5,0.2,0.2,APR 22 2022,
326,1630530,Trey Murphy III,Pelicans,Forward,6-8,206,USA,2000-06-18T00:00:00,0,17,62,5.4,2.4,0.6,0.4,0.1,62,5.4,2.4,0.6,0.4,0.1,APR 22 2022,"$3,053,760"
327,1627749,Dejounte Murray,Spurs,Guard,6-4,180,USA,1996-09-19T00:00:00,4,29,320,12.5,6.0,4.8,1.4,0.3,320,12.5,6.0,4.8,1.4,0.3,,"$15,428,571"
328,1627750,Jamal Murray,Nuggets,Guard,6-3,215,Canada,1997-02-23T00:00:00,5,7,345,16.3,3.6,3.8,1.0,0.3,345,16.3,3.6,3.8,1.0,0.3,APR 21 2022,"$31,590,000"
329,203488,Mike Muscala,Thunder,Forward-Center,6-10,240,USA,1991-07-01T00:00:00,8,44,432,6.2,3.2,0.9,0.3,0.5,432,6.2,3.2,0.9,0.3,0.5,,"$3,500,000"
330,1629004,Svi Mykhailiuk,Raptors,Guard-Forward,6-7,205,Ukraine,1997-06-10T00:00:00,3,47,220,6.6,1.8,1.4,0.6,0.1,220,6.6,1.8,1.4,0.6,0.1,APR 23 2022,"$1,729,217"
331,1626204,Larry Nance Jr.,Pelicans,Forward-Center,6-7,245,USA,1993-01-01T00:00:00,6,27,396,8.1,6.5,1.9,1.2,0.5,396,8.1,6.5,1.9,1.2,0.5,APR 22 2022,"$10,690,909"
332,1630612,RJ Nembhard Jr.,Cavaliers,Guard,6-4,200,USA,1999-03-22T00:00:00,0,Undrafted,14,1.1,0.5,0.9,0.1,0.0,14,1.1,0.5,0.9,0.1,0.0,,"$58,493"
333,1630174,Aaron Nesmith,Celtics,Guard-Forward,6-5,215,USA,1999-10-16T00:00:00,1,14,98,4.2,2.2,0.5,0.4,0.1,98,4.2,2.2,0.5,0.4,0.1,APR 23 2022,"$3,631,200"
334,203526,Raul Neto,Wizards,Guard,6-2,180,Brazil,1992-05-19T00:00:00,6,47,387,6.0,1.6,2.2,0.7,0.1,387,6.0,1.6,2.2,0.7,0.1,,"$2,089,448"
335,1627777,Georges Niang,76ers,Forward,6-7,230,USA,1993-06-17T00:00:00,5,50,305,6.1,2.0,0.8,0.3,0.1,305,6.1,2.0,0.8,0.3,0.1,APR 23 2022,"$3,300,000"
336,1630227,Daishen Nix,Rockets,Guard,6-4,226,USA,2002-02-13T00:00:00,0,Undrafted,24,3.2,1.4,1.7,0.6,0.0,24,3.2,1.4,1.7,0.6,0.0,,"$292,466"
337,1630192,Zeke Nnaji,Nuggets,Forward-Center,6-9,240,USA,2001-01-09T00:00:00,1,22,83,4.9,2.6,0.3,0.3,0.2,83,4.9,2.6,0.3,0.3,0.2,APR 21 2022,"$2,498,760"
338,203457,Nerlens Noel,Knicks,Center-Forward,6-11,220,USA,1994-04-10T00:00:00,7,6,450,7.3,6.2,1.1,1.3,1.5,450,7.3,6.2,1.1,1.3,1.5,,"$8,800,000"
339,1629669,Jaylen Nowell,Timberwolves,Guard,6-4,201,USA,1999-07-09T00:00:00,2,43,119,8.1,1.9,1.8,0.4,0.2,119,8.1,1.9,1.8,0.4,0.2,APR 21 2022,"$1,782,621"
340,1628373,Frank Ntilikina,Mavericks,Guard,6-4,200,France,1998-07-28T00:00:00,4,8,269,5.2,1.8,2.3,0.7,0.2,269,5.2,1.8,2.3,0.7,0.2,APR 21 2022,"$1,789,256"
341,1629134,Kendrick Nunn,Lakers,Guard,6-2,190,USA,1995-08-03T00:00:00,2,Undrafted,123,15.0,2.9,3.0,0.9,0.2,123,15.0,2.9,3.0,0.9,0.2,,"$5,000,000"
342,203994,Jusuf Nurkic,Trail Blazers,Center,6-11,290,Bosnia and Herzegovina,1994-08-23T00:00:00,7,16,411,12.2,8.5,2.2,0.9,1.2,411,12.2,8.5,2.2,0.9,1.2,,"$12,000,000"
343,1628021,David Nwaba,Rockets,Guard-Forward,6-5,219,USA,1993-01-14T00:00:00,5,Undrafted,237,6.8,3.7,1.0,0.7,0.4,237,6.8,3.7,1.0,0.7,0.4,,"$4,650,000"
344,1629670,Jordan Nwora,Bucks,Forward,6-8,225,USA,1998-09-09T00:00:00,1,45,92,7.2,3.1,0.7,0.5,0.3,92,7.2,3.1,0.7,0.5,0.3,APR 22 2022,"$1,517,981"
345,1626220,Royce O'Neale,Jazz,Forward,6-5,226,USA,1993-06-05T00:00:00,4,Undrafted,370,6.2,4.8,2.1,0.8,0.4,370,6.2,4.8,2.1,0.8,0.4,APR 21 2022,"$8,678,571"
346,1629643,Chuma Okeke,Magic,Forward,6-6,229,USA,1998-08-18T00:00:00,1,16,115,8.3,4.6,1.9,1.3,0.6,115,8.3,4.6,1.9,1.3,0.6,,"$3,277,080"
347,1629006,Josh Okogie,Timberwolves,Guard,6-4,213,Nigeria,1998-09-01T00:00:00,3,20,244,6.4,2.9,1.1,1.0,0.4,244,6.4,2.9,1.1,1.0,0.4,APR 21 2022,"$4,087,904"
348,1630168,Onyeka Okongwu,Hawks,Forward-Center,6-8,240,USA,2000-12-11T00:00:00,1,6,98,6.3,4.6,0.7,0.6,0.9,98,6.3,4.6,0.7,0.6,0.9,APR 22 2022,"$6,104,280"
349,1630171,Isaac Okoro,Cavaliers,Forward-Guard,6-5,225,USA,2001-01-26T00:00:00,1,5,134,9.2,3.0,1.9,0.9,0.3,134,9.2,3.0,1.9,0.9,0.3,,"$6,720,720"
350,203506,Victor Oladipo,Heat,Guard,6-4,213,USA,1992-05-04T00:00:00,8,2,462,17.4,4.6,3.9,1.6,0.5,462,17.4,4.6,3.9,1.6,0.5,APR 22 2022,"$2,389,641"
351,203482,Kelly Olynyk,Pistons,Forward-Center,6-11,240,Canada,1991-04-19T00:00:00,8,13,610,10.1,5.1,2.0,0.8,0.5,610,10.1,5.1,2.0,0.8,0.5,,"$12,195,122"
352,1626224,Cedi Osman,Cavaliers,Forward,6-7,230,Turkey,1995-04-08T00:00:00,4,31,327,10.0,3.2,2.1,0.7,0.1,327,10.0,3.2,2.1,0.7,0.1,,"$8,050,000"
353,1626162,Kelly Oubre Jr.,Hornets,Forward-Guard,6-6,203,USA,1995-12-09T00:00:00,6,15,479,12.0,4.3,1.0,0.9,0.5,479,12.0,4.3,1.0,0.9,0.5,,"$12,000,000"
354,1629672,Eric Paschall,Jazz,Forward,6-6,255,USA,1996-11-04T00:00:00,2,41,158,9.8,3.2,1.4,0.3,0.2,158,9.8,3.2,1.4,0.3,0.2,APR 21 2022,"$1,782,621"
355,101108,Chris Paul,Suns,Guard,6-0,175,USA,1985-05-06T00:00:00,16,4,1155,18.1,4.5,9.5,2.1,0.1,1155,18.1,4.5,9.5,2.1,0.1,APR 22 2022,"$30,800,000"
356,1626166,Cameron Payne,Suns,Guard,6-1,183,USA,1994-08-08T00:00:00,6,14,279,7.6,2.2,3.2,0.7,0.2,279,7.6,2.2,3.2,0.7,0.2,APR 22 2022,"$6,500,000"
357,203901,Elfrid Payton,Suns,Guard,6-3,195,USA,1994-02-22T00:00:00,7,10,500,10.1,4.0,5.7,1.2,0.3,500,10.1,4.0,5.7,1.2,0.3,APR 22 2022,"$2,239,544"
358,1627780,Gary Payton II,Warriors,Guard,6-3,195,USA,1992-12-01T00:00:00,5,Undrafted,142,5.2,2.8,1.1,1.0,0.3,142,5.2,2.8,1.1,1.0,0.3,APR 21 2022,"$1,939,350"
359,1630691,Jamorko Pickett,Pistons,Forward,6-9,206,USA,1997-12-24T00:00:00,0,Undrafted,13,3.8,2.5,0.5,0.0,0.5,13,3.8,2.5,0.5,0.0,0.5,,
360,1629033,Theo Pinson,Mavericks,Guard-Forward,6-5,212,USA,1995-11-05T00:00:00,3,Undrafted,87,2.9,1.3,1.1,0.3,0.1,87,2.9,1.3,1.1,0.3,0.1,APR 21 2022,
361,203486,Mason Plumlee,Hornets,Forward-Center,6-11,254,USA,1990-03-05T00:00:00,8,22,661,8.3,6.6,2.4,0.8,0.9,661,8.3,6.6,2.4,0.8,0.9,,"$8,137,500"
362,1627751,Jakob Poeltl,Spurs,Center,7-1,245,Austria,1995-10-15T00:00:00,5,9,416,7.3,6.1,1.4,0.5,1.3,416,7.3,6.1,1.4,0.5,1.3,,"$8,750,000"
363,1630197,Aleksej Pokusevski,Thunder,Forward,7-0,190,Serbia,2001-12-26T00:00:00,1,17,106,7.8,5.0,2.2,0.6,0.8,106,7.8,5.0,2.2,0.6,0.8,,"$3,113,160"
364,1630582,Yves Pons,Grizzlies,Forward,6-5,206,France,1999-05-07T00:00:00,0,Undrafted,12,1.1,1.0,0.1,0.1,0.3,12,1.1,1.0,0.1,0.1,0.3,APR 21 2022,
365,1629673,Jordan Poole,Warriors,Guard,6-4,194,USA,1999-06-19T00:00:00,2,28,184,13.7,2.6,2.9,0.7,0.2,184,13.7,2.6,2.9,0.7,0.2,APR 21 2022,"$2,161,440"
366,1629645,Kevin Porter Jr.,Rockets,Guard-Forward,6-4,203,USA,2000-05-04T00:00:00,2,30,137,13.7,3.9,4.7,1.0,0.3,137,13.7,3.9,4.7,1.0,0.3,,"$2,130,240"
367,1629008,Michael Porter Jr.,Nuggets,Forward,6-10,218,USA,1998-06-29T00:00:00,2,14,125,14.1,6.1,1.1,0.6,0.6,125,14.1,6.1,1.1,0.6,0.6,APR 21 2022,"$5,258,735"
368,203490,Otto Porter Jr.,Warriors,Forward,6-8,198,USA,1993-06-03T00:00:00,8,3,504,10.6,5.1,1.5,1.1,0.4,504,10.6,5.1,1.5,1.1,0.4,APR 21 2022,"$2,389,641"
369,1626171,Bobby Portis,Bucks,Forward,6-10,250,USA,1995-02-10T00:00:00,6,22,453,11.1,6.6,1.2,0.6,0.4,453,11.1,6.6,1.2,0.6,0.4,APR 22 2022,"$4,347,600"
370,204001,Kristaps Porzingis,Wizards,Forward-Center,7-3,240,Latvia,1995-08-02T00:00:00,5,4,337,18.9,7.9,1.6,0.7,1.9,337,18.9,7.9,1.6,0.7,1.9,,"$31,650,600"
371,203939,Dwight Powell,Mavericks,Forward-Center,6-10,240,Canada,1991-07-20T00:00:00,7,45,511,7.7,4.6,1.0,0.6,0.5,511,7.7,4.6,1.0,0.6,0.5,APR 21 2022,"$11,000,000"
372,1629619,Myles Powell,76ers,Guard,6-2,195,USA,1997-07-07T00:00:00,0,Undrafted,11,1.2,0.5,0.3,0.1,0.0,11,1.2,0.5,0.3,0.1,0.0,APR 23 2022,
373,1626181,Norman Powell,Clippers,Guard,6-3,215,USA,1993-05-25T00:00:00,6,46,421,11.3,2.6,1.5,0.8,0.3,421,11.3,2.6,1.5,0.8,0.3,,"$15,517,242"
374,1630563,Joshua Primo,Spurs,Guard,6-4,189,Canada,2002-12-24T00:00:00,0,12,50,5.8,2.3,1.6,0.4,0.5,50,5.8,2.3,1.6,0.4,0.5,,"$3,946,800"
375,1627752,Taurean Prince,Timberwolves,Forward,6-6,218,USA,1994-03-22T00:00:00,5,12,370,10.5,3.9,1.7,0.8,0.4,370,10.5,3.9,1.7,0.8,0.4,APR 21 2022,"$15,057,692"
376,1630202,Payton Pritchard,Celtics,Guard,6-1,195,USA,1998-01-28T00:00:00,1,26,137,6.9,2.1,1.9,0.5,0.1,137,6.9,2.1,1.9,0.5,0.1,APR 23 2022,"$2,137,440"
377,1630243,Trevelin Queen,Rockets,Guard,6-6,190,USA,1997-02-25T00:00:00,0,Undrafted,10,4.3,1.6,0.4,0.5,0.1,10,4.3,1.6,0.4,0.5,0.1,,
378,1629674,Neemias Queta,Kings,Center,7-0,248,Portugal,1999-07-13T00:00:00,0,39,15,3.0,2.1,0.4,0.1,0.5,15,3.0,2.1,0.4,0.1,0.5,,
379,1630193,Immanuel Quickley,Knicks,Guard,6-3,190,USA,1999-06-17T00:00:00,1,25,142,11.4,2.7,2.8,0.6,0.1,142,11.4,2.7,2.8,0.6,0.1,,"$2,210,640"
380,203944,Julius Randle,Knicks,Forward-Center,6-8,250,USA,1994-11-29T00:00:00,7,7,518,17.7,9.3,3.6,0.7,0.5,518,17.7,9.3,3.6,0.7,0.5,,"$19,800,000"
381,1630559,Austin Reaves,Lakers,Guard,6-5,197,USA,1998-05-29T00:00:00,0,Undrafted,61,7.3,3.2,1.8,0.5,0.3,61,7.3,3.2,1.8,0.5,0.3,,"$925,258"
382,1629629,Cam Reddish,Knicks,Forward-Guard,6-8,217,USA,1999-09-01T00:00:00,2,10,133,10.5,3.2,1.3,1.1,0.4,133,10.5,3.2,1.3,1.1,0.4,,"$4,670,160"
383,1628432,Davon Reed,Nuggets,Guard,6-5,206,USA,1995-06-11T00:00:00,2,32,79,3.6,1.9,0.9,0.4,0.1,79,3.6,1.9,0.9,0.4,0.1,APR 21 2022,
384,1630194,Paul Reed,76ers,Forward,6-9,210,USA,1999-06-14T00:00:00,1,58,64,3.2,2.4,0.4,0.7,0.4,64,3.2,2.4,0.4,0.7,0.4,APR 23 2022,"$1,517,981"
385,1629675,Naz Reid,Timberwolves,Center-Forward,6-9,264,USA,1999-08-26T00:00:00,2,Undrafted,177,9.5,4.2,1.0,0.5,1.0,177,9.5,4.2,1.0,0.5,1.0,APR 21 2022,"$1,782,621"
386,1630208,Nick Richards,Hornets,Center,7-0,245,Jamaica,1997-11-29T00:00:00,1,42,68,2.4,1.4,0.2,0.1,0.3,68,2.4,1.4,0.2,0.1,0.3,,"$1,517,981"
387,1626196,Josh Richardson,Spurs,Guard,6-5,200,USA,1993-09-15T00:00:00,6,40,438,12.0,3.1,2.7,1.1,0.6,438,12.0,3.1,2.7,1.1,0.6,,"$11,615,328"
388,203085,Austin Rivers,Nuggets,Guard,6-4,200,USA,1992-08-01T00:00:00,9,10,655,8.8,2.1,2.2,0.7,0.2,655,8.8,2.1,2.2,0.7,0.2,APR 21 2022,"$2,401,537"
389,1629130,Duncan Robinson,Heat,Forward,6-7,215,USA,1994-04-22T00:00:00,3,Undrafted,239,11.9,2.9,1.5,0.5,0.2,239,11.9,2.9,1.5,0.5,0.2,APR 22 2022,"$15,560,000"
390,1629011,Mitchell Robinson,Knicks,Center-Forward,7-0,240,USA,1998-04-01T00:00:00,3,36,230,8.4,7.5,0.6,0.9,2.0,230,8.4,7.5,0.6,0.9,2.0,,"$1,802,057"
391,1630526,Jeremiah Robinson-Earl,Thunder,Forward,6-8,242,USA,2000-11-03T00:00:00,0,32,49,7.5,5.6,1.0,0.6,0.3,49,7.5,5.6,1.0,0.6,0.3,,"$2,000,000"
392,1629676,Isaiah Roby,Thunder,Forward,6-8,230,USA,1998-02-03T00:00:00,2,45,109,9.1,5.1,1.6,0.8,0.7,109,9.1,5.1,1.6,0.8,0.7,,"$1,782,621"
393,200765,Rajon Rondo,Cavaliers,Guard,6-1,180,USA,1986-02-22T00:00:00,15,21,957,9.8,4.5,7.9,1.6,0.1,957,9.8,4.5,7.9,1.6,0.1,,"$2,641,691"
394,201565,Derrick Rose,Knicks,Guard,6-2,200,USA,1988-10-04T00:00:00,12,1,672,18.2,3.3,5.4,0.8,0.3,672,18.2,3.3,5.4,0.8,0.3,,"$13,445,120"
395,203082,Terrence Ross,Magic,Guard-Forward,6-6,206,USA,1991-02-05T00:00:00,9,8,670,11.2,2.8,1.3,0.8,0.3,670,11.2,2.8,1.3,0.8,0.3,,"$12,500,000"
396,1626179,Terry Rozier,Hornets,Guard,6-1,190,USA,1994-03-17T00:00:00,6,16,477,12.7,3.9,3.2,0.9,0.2,477,12.7,3.9,3.2,0.9,0.2,,"$17,905,263"
397,201937,Ricky Rubio,Pacers,Guard,6-2,190,Spain,1990-10-21T00:00:00,10,5,665,11.1,4.2,7.6,1.8,0.1,665,11.1,4.2,7.6,1.8,0.1,,"$17,809,524"
398,1626156,D'Angelo Russell,Timberwolves,Guard,6-4,193,USA,1996-02-23T00:00:00,6,2,424,17.7,3.5,5.6,1.1,0.3,424,17.7,3.5,5.6,1.1,0.3,APR 21 2022,"$30,013,500"
399,1630346,Matt Ryan,Celtics,Forward,6-7,215,USA,1997-04-17T00:00:00,0,Undrafted,1,3.0,0.0,0.0,1.0,0.0,1,3.0,0.0,0.0,1.0,0.0,APR 23 2022,
400,1627734,Domantas Sabonis,Kings,Forward-Center,6-11,240,Lithuania,1996-05-03T00:00:00,5,11,415,14.4,9.2,3.6,0.7,0.4,415,14.4,9.2,3.6,0.7,0.4,,"$18,562,500"
401,203967,Dario Saric,Suns,Forward-Center,6-10,225,Croatia,1994-04-08T00:00:00,5,12,356,11.7,5.9,2.0,0.6,0.2,356,11.7,5.9,2.0,0.6,0.2,APR 22 2022,"$9,000,000"
402,203107,Tomas Satoransky,Wizards,Guard,6-7,210,Czech Republic,1991-10-30T00:00:00,5,32,388,6.9,2.9,4.1,0.8,0.2,388,6.9,2.9,4.1,0.8,0.2,,"$10,468,119"
403,1630648,Jordan Schakel,Wizards,Guard,6-6,200,USA,1998-06-13T00:00:00,0,Undrafted,4,1.3,2.0,0.0,0.3,0.0,4,1.3,2.0,0.0,0.3,0.0,,
404,1629678,Admiral Schofield,Magic,Forward,6-5,241,United Kingdom,1997-03-30T00:00:00,1,42,71,3.5,1.9,0.6,0.2,0.1,71,3.5,1.9,0.6,0.2,0.1,,
405,203471,Dennis Schroder,Rockets,Guard,6-1,172,Germany,1993-09-15T00:00:00,8,17,621,14.2,2.9,4.7,0.8,0.1,621,14.2,2.9,4.7,0.8,0.1,,"$5,890,000"
406,1630206,Jay Scrubb,Clippers,Guard,6-5,220,USA,2000-09-01T00:00:00,1,55,22,3.8,1.4,0.4,0.4,0.1,22,3.8,1.4,0.4,0.4,0.1,,
407,1630578,Alperen Sengun,Rockets,Center,6-10,243,Turkey,2002-07-25T00:00:00,0,16,72,9.6,5.5,2.6,0.8,0.9,72,9.6,5.5,2.6,0.8,0.9,,"$3,214,680"
408,1629012,Collin Sexton,Cavaliers,Guard,6-1,190,USA,1999-01-04T00:00:00,3,8,218,20.0,3.0,3.3,0.8,0.1,218,20.0,3.0,3.3,0.8,0.1,,"$6,349,671"
409,1629013,Landry Shamet,Suns,Guard,6-4,190,USA,1997-03-13T00:00:00,3,26,262,9.0,1.8,1.6,0.4,0.1,262,9.0,1.8,1.6,0.4,0.1,APR 22 2022,"$3,768,342"
410,1630549,Day'Ron Sharpe,Nets,Forward,6-9,265,USA,2001-11-06T00:00:00,0,29,32,6.2,5.0,0.5,0.3,0.5,32,6.2,5.0,0.5,0.3,0.5,APR 23 2022,"$2,009,040"
411,1627783,Pascal Siakam,Raptors,Forward,6-8,230,Cameroon,1994-04-02T00:00:00,5,27,400,15.7,6.3,3.1,0.9,0.7,400,15.7,6.3,3.1,0.9,0.7,APR 23 2022,"$31,320,000"
412,1627732,Ben Simmons,Nets,Guard-Forward,6-11,240,Australia,1996-07-20T00:00:00,4,1,275,15.9,8.1,7.7,1.7,0.7,275,15.9,8.1,7.7,1.7,0.7,APR 23 2022,"$31,590,000"
413,1630250,Marko Simonovic,Bulls,Center,6-11,220,Montenegro,1999-10-15T00:00:00,0,44,9,1.9,1.1,0.0,0.1,0.1,9,1.9,1.1,0.0,0.1,0.1,APR 22 2022,"$925,258"
414,1629014,Anfernee Simons,Trail Blazers,Guard,6-3,181,USA,1999-06-08T00:00:00,3,24,211,10.2,2.2,2.0,0.4,0.1,211,10.2,2.2,2.0,0.4,0.1,,"$3,938,818"
415,1630579,Jericho Sims,Knicks,Center,6-9,250,USA,1998-10-20T00:00:00,0,58,41,2.2,4.1,0.5,0.3,0.5,41,2.2,4.1,0.5,0.3,0.5,,
416,1630606,Javonte Smart,Heat,Guard,6-4,205,USA,1999-06-03T00:00:00,0,Undrafted,17,3.0,1.4,0.9,0.4,0.2,17,3.0,1.4,0.9,0.4,0.2,APR 22 2022,
417,203935,Marcus Smart,Celtics,Guard,6-4,220,USA,1994-03-06T00:00:00,7,6,520,10.5,3.6,4.5,1.6,0.4,520,10.5,3.6,4.5,1.6,0.4,APR 23 2022,"$14,339,285"
418,202397,Ish Smith,Wizards,Guard,6-0,175,USA,1988-07-05T00:00:00,11,Undrafted,719,7.6,2.5,3.9,0.7,0.3,719,7.6,2.5,3.9,0.7,0.3,,"$4,500,000"
419,1630188,Jalen Smith,Pacers,Forward-Center,6-10,215,USA,2000-03-16T00:00:00,1,10,78,6.7,4.4,0.4,0.2,0.6,78,6.7,4.4,0.4,0.2,0.6,,"$4,458,000"
420,1630270,Xavier Sneed,Jazz,Forward,6-5,215,USA,1997-12-21T00:00:00,0,Undrafted,9,0.6,0.7,0.1,0.0,0.0,9,0.6,0.7,0.1,0.0,0.0,APR 21 2022,
421,203503,Tony Snell,Pelicans,Guard,6-6,213,USA,1991-11-10T00:00:00,8,20,601,6.1,2.3,1.1,0.4,0.2,601,6.1,2.3,1.1,0.4,0.2,APR 22 2022,"$2,389,641"
422,1630531,Jaden Springer,76ers,Guard,6-4,202,USA,2002-09-25T00:00:00,0,28,2,1.0,1.0,0.0,0.0,1.0,2,1.0,1.0,0.0,0.0,1.0,APR 23 2022,"$2,023,800"
423,203917,Nik Stauskas,Celtics,Guard,6-6,207,Canada,1993-10-07T00:00:00,5,8,343,6.7,2.0,1.5,0.4,0.2,343,6.7,2.0,1.5,0.4,0.2,APR 23 2022,
424,202362,Lance Stephenson,Pacers,Forward,6-5,210,USA,1990-09-05T00:00:00,9,40,554,8.6,4.1,2.9,0.6,0.1,554,8.6,4.1,2.9,0.6,0.1,,"$924,730"
425,1630205,Lamar Stevens,Cavaliers,Forward,6-6,230,USA,1997-07-09T00:00:00,1,Undrafted,103,5.3,2.5,0.7,0.5,0.3,103,5.3,2.5,0.7,0.5,0.3,,"$1,517,981"
426,1630191,Isaiah Stewart,Pistons,Forward-Center,6-8,250,USA,2001-05-22T00:00:00,1,16,139,8.1,7.7,1.0,0.4,1.2,139,8.1,7.7,1.0,0.4,1.2,,"$3,277,080"
427,1629622,Max Strus,Heat,Guard-Forward,6-5,215,USA,1996-03-28T00:00:00,2,Undrafted,109,8.8,2.2,1.1,0.4,0.2,109,8.8,2.2,1.1,0.4,0.2,APR 22 2022,"$1,669,178"
428,1630591,Jalen Suggs,Magic,Guard,6-5,205,USA,2001-06-03T00:00:00,0,5,48,11.8,3.6,4.4,1.2,0.4,48,11.8,3.6,4.4,1.2,0.4,,"$6,593,040"
429,1630256,Jae'Sean Tate,Rockets,Forward,6-4,230,USA,1995-10-28T00:00:00,1,Undrafted,148,11.6,5.4,2.7,1.1,0.5,148,11.6,5.4,2.7,1.1,0.5,,"$1,517,981"
430,1628369,Jayson Tatum,Celtics,Forward-Guard,6-8,210,USA,1998-03-03T00:00:00,4,3,365,20.9,6.6,3.0,1.1,0.7,365,20.9,6.6,3.0,1.1,0.7,APR 23 2022,"$28,103,550"
431,1630678,Terry Taylor,Pacers,Forward,6-5,230,USA,1999-09-23T00:00:00,0,Undrafted,33,9.6,5.2,1.2,0.4,0.2,33,9.6,5.2,1.2,0.4,0.2,,"$21,270"
432,202066,Garrett Temple,Pelicans,Guard-Forward,6-5,195,USA,1986-05-08T00:00:00,11,Undrafted,691,6.4,2.3,1.7,0.8,0.3,691,6.4,2.3,1.7,0.8,0.3,APR 22 2022,"$4,910,000"
433,1630179,Tyrell Terry,Grizzlies,Guard,6-2,160,USA,2000-09-28T00:00:00,1,31,13,1.0,0.5,0.5,0.4,0.0,13,1.0,0.5,0.5,0.4,0.0,APR 21 2022,"$1,517,981"
434,1628464,Daniel Theis,Celtics,Forward-Center,6-9,245,Germany,1992-04-04T00:00:00,4,Undrafted,306,7.6,4.9,1.3,0.5,0.9,306,7.6,4.9,1.3,0.5,0.9,APR 23 2022,"$8,372,093"
435,1630271,Brodric Thomas,Celtics,Guard,6-5,185,USA,1997-01-28T00:00:00,1,Undrafted,44,3.3,1.4,0.9,0.4,0.3,44,3.3,1.4,0.9,0.4,0.3,APR 23 2022,
436,1630560,Cam Thomas,Nets,Guard,6-3,210,Japan,2001-10-13T00:00:00,0,27,67,8.5,2.4,1.2,0.5,0.1,67,8.5,2.4,1.2,0.5,0.1,APR 23 2022,"$2,036,280"
437,202738,Isaiah Thomas,Hornets,Guard,5-9,185,USA,1989-02-07T00:00:00,10,60,550,17.7,2.4,4.8,0.9,0.1,550,17.7,2.4,4.8,0.9,0.1,,"$276,039"
438,1629744,Matt Thomas,Bulls,Guard,6-3,190,USA,1994-08-04T00:00:00,2,Undrafted,126,4.0,1.2,0.5,0.2,0.0,126,4.0,1.2,0.5,0.2,0.0,APR 22 2022,"$1,669,178"
439,202691,Klay Thompson,Warriors,Guard,6-6,220,USA,1990-02-08T00:00:00,8,11,647,19.5,3.5,2.3,0.9,0.5,647,19.5,3.5,2.3,0.9,0.5,APR 21 2022,"$37,980,720"
440,202684,Tristan Thompson,Bulls,Center-Forward,6-9,254,Canada,1991-03-13T00:00:00,10,4,730,9.0,8.4,1.0,0.5,0.7,730,9.0,8.4,1.0,0.5,0.7,APR 22 2022,"$10,720,900"
441,1630550,JT Thor,Hornets,Forward,6-9,203,USA,2002-08-26T00:00:00,0,37,33,2.0,1.3,0.6,0.2,0.3,33,2.0,1.3,0.6,0.2,0.3,,"$1,250,000"
442,1629680,Matisse Thybulle,76ers,Guard-Forward,6-5,201,USA,1997-03-04T00:00:00,2,20,196,4.8,1.9,1.1,1.6,1.0,196,4.8,1.9,1.1,1.6,1.0,APR 23 2022,"$2,840,160"
443,1629681,Killian Tillie,Grizzlies,Forward-Center,6-9,220,France,1998-03-05T00:00:00,1,Undrafted,54,3.2,1.6,0.6,0.5,0.4,54,3.2,1.6,0.6,0.5,0.4,APR 21 2022,"$2,000,000"
444,1630214,Xavier Tillman,Grizzlies,Forward,6-8,245,USA,1999-01-12T00:00:00,1,35,112,5.7,3.7,1.2,0.8,0.4,112,5.7,3.7,1.2,0.8,0.4,APR 21 2022,"$1,517,981"
445,1630225,Isaiah Todd,Wizards,Forward,6-9,219,USA,2001-10-17T00:00:00,0,31,12,1.7,1.0,0.3,0.3,0.2,12,1.7,1.0,0.3,0.3,0.2,,"$1,500,000"
446,1630167,Obi Toppin,Knicks,Forward,6-9,220,USA,1998-03-04T00:00:00,1,8,134,6.7,3.0,0.8,0.3,0.4,134,6.7,3.0,0.8,0.3,0.4,,"$5,105,160"
447,1629308,Juan Toscano-Anderson,Warriors,Forward,6-6,209,USA,1993-04-10T00:00:00,2,Undrafted,139,4.8,3.3,2.2,0.7,0.3,139,4.8,3.3,2.2,0.7,0.3,APR 21 2022,"$1,701,593"
448,1626157,Karl-Anthony Towns,Timberwolves,Center-Forward,6-11,248,USA,1995-11-15T00:00:00,6,1,482,23.2,11.3,3.1,0.8,1.4,482,23.2,11.3,3.1,0.8,1.4,APR 21 2022,"$31,610,000"
449,1629018,Gary Trent Jr.,Raptors,Guard-Forward,6-5,209,USA,1999-01-18T00:00:00,3,37,204,13.5,2.2,1.4,1.1,0.2,204,13.5,2.2,1.4,1.1,0.2,APR 23 2022,"$16,000,000"
450,200782,P.J. Tucker,Heat,Forward,6-5,245,USA,1985-05-05T00:00:00,10,35,777,7.1,5.6,1.5,1.1,0.3,777,7.1,5.6,1.5,1.1,0.3,APR 22 2022,"$7,000,000"
451,1629730,Rayjon Tucker,Bucks,Guard,6-3,209,USA,1997-09-24T00:00:00,2,Undrafted,39,3.0,1.0,0.5,0.2,0.0,39,3.0,1.0,0.5,0.2,0.0,APR 22 2022,"$28,779"
452,1626167,Myles Turner,Pacers,Center-Forward,6-11,250,USA,1996-03-24T00:00:00,6,11,431,12.7,6.7,1.2,0.7,2.3,431,12.7,6.7,1.2,0.7,2.3,,"$18,000,000"
453,202685,Jonas Valanciunas,Pelicans,Center,6-11,265,Lithuania,1992-05-06T00:00:00,9,5,695,13.4,9.5,1.2,0.4,1.0,695,13.4,9.5,1.2,0.4,1.0,APR 22 2022,"$14,000,000"
454,1627832,Fred VanVleet,Raptors,Guard,6-1,197,USA,1994-02-25T00:00:00,5,Undrafted,348,13.7,3.2,4.9,1.3,0.4,348,13.7,3.2,4.9,1.3,0.4,APR 23 2022,"$19,675,926"
455,1629020,Jarred Vanderbilt,Timberwolves,Forward,6-9,214,USA,1999-04-03T00:00:00,3,41,166,5.4,6.2,1.1,1.0,0.6,166,5.4,6.2,1.1,1.0,0.6,APR 21 2022,"$4,259,259"
456,1630170,Devin Vassell,Spurs,Guard-Forward,6-5,200,USA,2000-08-23T00:00:00,1,11,133,9.1,3.6,1.4,0.9,0.4,133,9.1,3.6,1.4,0.9,0.4,,"$4,235,160"
457,1629216,Gabe Vincent,Heat,Guard,6-3,200,USA,1996-06-14T00:00:00,2,Undrafted,127,6.7,1.5,2.2,0.7,0.1,127,6.7,1.5,2.2,0.7,0.1,APR 22 2022,"$1,669,178"
458,202696,Nikola Vucevic,Bulls,Center,6-10,260,Montenegro,1990-10-24T00:00:00,10,16,741,16.9,10.4,2.7,0.9,0.9,741,16.9,10.4,2.7,0.9,0.9,APR 22 2022,"$24,000,000"
459,1629731,Dean Wade,Cavaliers,Forward-Center,6-9,228,USA,1996-11-20T00:00:00,2,Undrafted,126,5.3,3.0,1.0,0.5,0.3,126,5.3,3.0,1.0,0.5,0.3,,"$1,782,621"
460,1630532,Franz Wagner,Magic,Forward,6-10,220,Germany,2001-08-27T00:00:00,0,8,79,15.2,4.5,2.9,0.9,0.4,79,15.2,4.5,2.9,0.9,0.4,,"$5,007,840"
461,1629021,Moritz Wagner,Magic,Forward-Center,6-11,245,Germany,1997-04-26T00:00:00,3,25,196,7.5,3.5,1.1,0.4,0.3,196,7.5,3.5,1.1,0.4,0.3,,"$1,729,217"
462,1630688,Ish Wainright,Suns,Forward,6-5,250,USA,1994-09-12T00:00:00,0,Undrafted,45,2.4,1.2,0.3,0.4,0.1,45,2.4,1.2,0.3,0.4,0.1,APR 22 2022,"$8,558"
463,202689,Kemba Walker,Knicks,Guard,6-0,184,USA,1990-05-08T00:00:00,10,9,741,19.5,3.8,5.3,1.2,0.4,741,19.5,3.8,5.3,1.2,0.4,,"$34,967,442"
464,1629022,Lonnie Walker IV,Spurs,Guard-Forward,6-4,204,USA,1998-12-14T00:00:00,3,18,208,9.4,2.4,1.6,0.5,0.2,208,9.4,2.4,1.6,0.5,0.2,,"$4,447,896"
465,202322,John Wall,Rockets,Guard,6-3,210,USA,1990-09-06T00:00:00,10,1,613,19.1,4.3,9.1,1.7,0.7,613,19.1,4.3,9.1,1.7,0.7,,"$44,310,840"
466,203933,T.J. Warren,Pacers,Forward,6-8,220,USA,1993-09-05T00:00:00,7,14,332,15.5,4.1,1.2,1.0,0.5,332,15.5,4.1,1.2,1.0,0.5,,"$12,690,000"
467,1629023,P.J. Washington,Hornets,Forward,6-7,230,USA,1998-08-23T00:00:00,2,12,187,11.8,5.7,2.3,0.9,1.0,187,11.8,5.7,2.3,0.9,1.0,,"$4,215,120"
468,1630613,Duane Washington Jr.,Pacers,Guard,6-3,197,Germany,2000-03-24T00:00:00,0,Undrafted,48,9.9,1.7,1.8,0.5,0.1,48,9.9,1.7,1.8,0.5,0.1,,"$21,270"
469,1629139,Yuta Watanabe,Raptors,Guard-Forward,6-9,215,Japan,1994-10-13T00:00:00,3,Undrafted,121,3.8,2.5,0.6,0.4,0.3,121,3.8,2.5,0.6,0.4,0.3,APR 23 2022,"$1,762,769"
470,1630322,Lindy Waters III,Thunder,Forward,6-6,215,USA,1997-07-28T00:00:00,0,Undrafted,25,8.0,2.9,1.0,0.8,0.3,25,8.0,2.9,1.0,0.8,0.3,,
471,1630570,Trendon Watford,Trail Blazers,Forward,6-8,237,USA,2000-11-09T00:00:00,0,Undrafted,48,7.6,4.1,1.7,0.5,0.6,48,7.6,4.1,1.7,0.5,0.6,,"$260,561"
472,1629683,Quinndary Weatherspoon,Warriors,Guard,6-3,205,USA,1996-09-10T00:00:00,2,49,42,2.1,0.8,0.6,0.3,0.1,42,2.1,0.8,0.6,0.3,0.1,APR 21 2022,
473,201566,Russell Westbrook,Lakers,Guard,6-3,200,USA,1988-11-12T00:00:00,13,4,1021,22.8,7.4,8.4,1.7,0.3,1021,22.8,7.4,8.4,1.7,0.3,,"$44,211,146"
474,1629632,Coby White,Bulls,Guard,6-4,195,USA,2000-02-16T00:00:00,2,7,195,13.7,3.6,3.5,0.6,0.2,195,13.7,3.6,3.5,0.6,0.2,APR 22 2022,"$5,837,760"
475,1628401,Derrick White,Celtics,Guard,6-4,190,USA,1994-07-02T00:00:00,4,29,263,11.5,3.3,3.8,0.8,0.8,263,11.5,3.3,3.8,0.8,0.8,APR 23 2022,"$15,178,571"
476,202355,Hassan Whiteside,Jazz,Center,7-0,265,USA,1989-06-13T00:00:00,9,33,511,12.6,10.8,0.6,0.5,2.2,511,12.6,10.8,0.6,0.5,2.2,APR 21 2022,"$2,401,537"
477,1630580,Joe Wieskamp,Spurs,Guard-Forward,6-6,205,USA,1999-08-23T00:00:00,0,41,29,2.1,0.5,0.3,0.1,0.1,29,2.1,0.5,0.3,0.1,0.1,,"$202,068"
478,1630598,Aaron Wiggins,Thunder,Guard,6-4,190,USA,1999-01-02T00:00:00,0,55,50,8.3,3.6,1.4,0.6,0.2,50,8.3,3.6,1.4,0.6,0.2,,"$1,000,000"
479,203952,Andrew Wiggins,Warriors,Forward,6-7,197,Canada,1995-02-23T00:00:00,7,1,598,19.3,4.4,2.3,1.0,0.7,598,19.3,4.4,2.3,1.0,0.7,APR 21 2022,"$31,579,390"
480,1629623,Lindell Wigginton,Bucks,Guard,6-1,189,Canada,1998-03-28T00:00:00,0,,19,4.2,1.3,1.2,0.3,0.1,19,4.2,1.3,1.2,0.3,0.1,APR 22 2022,
481,1630314,Brandon Williams,Trail Blazers,Guard,6-2,190,USA,1999-11-22T00:00:00,0,Undrafted,24,12.9,3.1,3.9,1.0,0.4,24,12.9,3.1,3.9,1.0,0.4,,
482,1629684,Grant Williams,Celtics,Forward,6-6,236,USA,1998-11-30T00:00:00,2,22,209,5.4,3.0,1.0,0.5,0.6,209,5.4,3.0,1.0,0.5,0.6,APR 23 2022,"$2,617,800"
483,1629026,Kenrich Williams,Thunder,Guard-Forward,6-6,210,USA,1994-12-02T00:00:00,3,Undrafted,200,6.5,4.5,2.0,0.9,0.3,200,6.5,4.5,2.0,0.9,0.3,,"$2,000,000"
484,101150,Lou Williams,Hawks,Guard,6-2,175,USA,1986-10-27T00:00:00,16,45,1123,13.9,2.2,3.4,0.8,0.2,1123,13.9,2.2,3.4,0.8,0.2,APR 22 2022,"$5,000,000"
485,1630172,Patrick Williams,Bulls,Forward,6-7,215,USA,2001-08-26T00:00:00,1,4,88,9.2,4.5,1.3,0.8,0.6,88,9.2,4.5,1.3,0.8,0.6,APR 22 2022,"$7,422,000"
486,1630533,Ziaire Williams,Grizzlies,Forward,6-9,185,USA,2001-09-12T00:00:00,0,10,62,8.1,2.1,1.0,0.6,0.2,62,8.1,2.1,1.0,0.6,0.2,APR 21 2022,"$4,373,160"
487,1629057,Robert Williams III,Celtics,Center-Forward,6-9,237,USA,1997-10-17T00:00:00,3,27,174,7.2,6.6,1.4,0.7,1.7,174,7.2,6.6,1.4,0.7,1.7,APR 23 2022,"$3,661,976"
488,1629627,Zion Williamson,Pelicans,Forward,6-6,284,USA,2000-07-06T00:00:00,2,1,85,25.7,7.0,3.2,0.9,0.6,85,25.7,7.0,3.2,0.9,0.6,APR 22 2022,"$10,733,400"
489,1629685,Dylan Windler,Cavaliers,Guard-Forward,6-6,196,USA,1996-09-22T00:00:00,1,26,81,3.3,2.4,0.8,0.4,0.2,81,3.3,2.4,0.8,0.4,0.2,,"$2,239,200"
490,1626159,Justise Winslow,Trail Blazers,Forward-Guard,6-6,222,USA,1996-03-26T00:00:00,6,10,315,8.4,5.1,2.5,0.9,0.4,315,8.4,5.1,2.5,0.9,0.4,,"$3,902,439"
491,1630216,Cassius Winston,Wizards,Guard,6-1,185,USA,1998-02-28T00:00:00,1,53,29,1.9,0.3,0.7,0.1,0.0,29,1.9,0.3,0.7,0.1,0.0,,
492,1630164,James Wiseman,Warriors,Center,7-0,240,USA,2001-03-31T00:00:00,1,2,39,11.5,5.8,0.7,0.3,0.9,39,11.5,5.8,0.7,0.3,0.9,APR 21 2022,"$9,166,800"
493,1626174,Christian Wood,Rockets,Forward,6-9,214,USA,1995-09-27T00:00:00,5,Undrafted,222,14.2,7.3,1.3,0.6,0.9,222,14.2,7.3,1.3,0.6,0.9,,"$13,666,667"
494,1630218,Robert Woodard II,Spurs,Forward,6-6,235,USA,1999-09-22T00:00:00,1,40,25,1.1,1.1,0.2,0.0,0.2,25,1.1,1.1,0.2,0.0,0.2,,"$1,517,981"
495,1626153,Delon Wright,Hawks,Guard,6-5,185,USA,1992-04-26T00:00:00,6,20,411,7.2,3.2,3.0,1.2,0.4,411,7.2,3.2,3.0,1.2,0.4,APR 22 2022,"$8,526,316"
496,1630589,Moses Wright,Mavericks,Forward,6-8,226,USA,1998-12-23T00:00:00,0,Undrafted,4,1.3,0.8,0.5,0.0,0.3,4,1.3,0.8,0.5,0.0,0.3,APR 21 2022,
497,1630593,McKinley Wright IV,Timberwolves,Guard,5-11,192,USA,1998-10-25T00:00:00,0,Undrafted,5,1.0,0.0,0.6,0.0,0.0,5,1.0,0.0,0.6,0.0,0.0,APR 21 2022,
498,1628221,Gabe York,Pacers,Guard,6-3,190,USA,1993-08-02T00:00:00,0,Undrafted,2,4.0,1.0,2.0,1.0,0.5,2,4.0,1.0,2.0,1.0,0.5,,
499,201152,Thaddeus Young,Raptors,Forward,6-8,235,USA,1988-06-21T00:00:00,14,12,1085,12.8,5.8,1.8,1.4,0.4,1085,12.8,5.8,1.8,1.4,0.4,APR 23 2022,"$14,190,000"
500,1629027,Trae Young,Hawks,Guard,6-1,164,USA,1998-09-19T00:00:00,3,5,280,25.3,3.9,9.1,0.9,0.2,280,25.3,3.9,9.1,0.9,0.2,APR 22 2022,"$8,326,471"
501,1630209,Omer Yurtseven,Heat,Center,6-11,275,Turkey,1998-06-19T00:00:00,0,Undrafted,56,5.3,5.3,0.9,0.3,0.4,56,5.3,5.3,0.9,0.3,0.4,APR 22 2022,"$1,489,065"
502,1627826,Ivica Zubac,Clippers,Center,7-0,240,Croatia,1997-03-18T00:00:00,5,32,360,8.3,6.5,1.1,0.3,0.8,360,8.3,6.5,1.1,0.3,0.8,,"$7,518,518"
